 PlayerID, Region, Age, NoseBlack, PawCircumference, Weight, Size, Sex
lewis,0,2.6,0.17,4.3,413,78,male
lewis,0,8.3,0.61,4,259,70,female
lewis,2,6.1,0.23,3.4,264,69,female
lewis,1,2.9,0.07,3.8,303,69,female
lewis,3,9.6,0.58,4.5,352,72,male
lewis,3,2.1,0.01,3.3,148,55,male
lewis,0,8.1,0.47,3.6,275,68,female
lewis,4,6.1,0.21,4.1,358,78,male
lewis,3,17.2,0.99,4.8,350,76,male
lewis,0,1.2,0.06,2.8,155,53,female
hays,0,1.6,0.08,2.9,95,56,male
hays,0,8.3,0.61,4,259,70,female
hays,1,3.5,0.02,3.7,271,67,female
hays,5,18.6,1,5,400,77,male
hays,0,0.4,0.01,2,13,47,male
hays,2,11.7,0.76,3.6,260,69,female
hays,0,1.2,0.05,2.8,93,47,male
hays,3,8,0.41,3.6,252,66,female
hays,4,12,0.67,4.7,376,75,male
hays,3,14.8,0.82,3.5,266,68,female
hays,0,7,0.39,3.4,257,66,female
hays,4,5.8,0.33,4.6,358,75,male
hays,5,11.1,0.67,3.6,369,73,male
hays,0,17.3,0.98,3.4,269,69,female
hays,0,1.6,0.08,2.9,95,56,male
hays,4,9.9,0.56,4.5,371,78,male
hays,0,8.3,0.61,4,259,70,female
hays,1,0.8,0.04,2.6,65,47,female
hays,0,1.6,0.08,2.9,95,56,male
hays,1,3.5,0.02,3.7,271,67,female
hays,5,7.5,0.38,4.5,383,78,male
hays,0,1.6,0.08,2.9,95,56,male
hays,0,8.3,0.61,4,259,70,female
hays,5,18.6,1,5,400,77,male
hays,0,1.6,0.08,2.9,95,56,male
hays,0,1.6,0.08,2.9,95,56,male
hays,0,8.3,0.61,4,259,70,female
hays,1,1.4,0.06,2.8,118,52,male
hays,0,0.4,0.01,2,13,47,male
hays,0,8.3,0.61,4,259,70,female
hays,1,3.5,0.02,3.7,271,67,female
hays,0,8.3,0.61,4,259,70,female
hays,1,3.5,0.02,3.7,271,67,female
hays,0,1.7,0.01,2.8,222,58,female
hays,2,11.7,0.76,3.6,260,69,female
hays,5,18.6,1,5,400,77,male
hays,1,3.5,0.02,3.7,271,67,female
hays,1,3.5,0.02,3.7,271,67,female
hays,5,18.6,1,5,400,77,male
hays,0,1.6,0.08,2.9,95,56,male
hays,5,12.3,0.82,3.5,234,66,female
hays,0,1.2,0.05,2.8,93,47,male
hays,5,18.6,1,5,400,77,male
hays,0,0.4,0.01,2,13,47,male
hays,5,18.6,1,5,400,77,male
hays,0,0.4,0.01,2,13,47,male
hays,0,8.3,0.61,4,259,70,female
hays,2,10.9,0.6,3.6,259,66,female
hays,3,8,0.41,3.6,252,66,female
hays,0,0.4,0.01,2,13,47,male
hays,2,11.7,0.76,3.6,260,69,female
hays,0,0.4,0.01,2,13,47,male
hays,2,11.7,0.76,3.6,260,69,female
hays,0,11.1,0.64,3.3,273,68,female
hays,1,3.5,0.02,3.7,271,67,female
hays,2,11.7,0.76,3.6,260,69,female
hays,4,12,0.67,4.7,376,75,male
hays,2,11.7,0.76,3.6,260,69,female
hays,0,1.2,0.05,2.8,93,47,male
hays,0,1.2,0.05,2.8,93,47,male
hays,5,18.6,1,5,400,77,male
hays,1,1.9,0.04,3.5,271,69,female
hays,3,14.8,0.82,3.5,266,68,female
hays,0,1.2,0.05,2.8,93,47,male
hays,0,1.2,0.05,2.8,93,47,male
hays,3,8,0.41,3.6,252,66,female
hays,3,8,0.41,3.6,252,66,female
hays,0,18,0.99,3.6,271,68,female
hays,0,0.4,0.01,2,13,47,male
hays,0,7,0.39,3.4,257,66,female
hays,3,8,0.41,3.6,252,66,female
hays,3,8,0.41,3.6,252,66,female
hays,4,12,0.67,4.7,376,75,male
hays,4,12,0.67,4.7,376,75,male
hays,2,11.7,0.76,3.6,260,69,female
hays,1,1.3,0.02,3,131,53,female
hays,4,5.8,0.33,4.6,358,75,male
hays,4,12,0.67,4.7,376,75,male
hays,3,14.8,0.82,3.5,266,68,female
hays,3,14.8,0.82,3.5,266,68,female
hays,4,12,0.67,4.7,376,75,male
hays,0,1.2,0.05,2.8,93,47,male
hays,5,11.1,0.67,3.6,369,73,male
hays,3,14.8,0.82,3.5,266,68,female
hays,2,3.4,0.08,4.7,362,77,male
hays,3,14.8,0.82,3.5,266,68,female
hays,0,7,0.39,3.4,257,66,female
hays,0,7,0.39,3.4,257,66,female
hays,3,8,0.41,3.6,252,66,female
hays,0,17.3,0.98,3.4,269,69,female
hays,0,7,0.39,3.4,257,66,female
hays,1,0.8,0.02,2.8,122,55,male
hays,0,7,0.39,3.4,257,66,female
hays,4,5.8,0.33,4.6,358,75,male
hays,4,5.8,0.33,4.6,358,75,male
hays,4,12,0.67,4.7,376,75,male
hays,4,5.8,0.33,4.6,358,75,male
hays,4,9.9,0.56,4.5,371,78,male
hays,4,5.8,0.33,4.6,358,75,male
hays,4,13.6,0.87,4.9,458,80,male
hays,1,7.2,0.28,3.3,239,65,female
hays,3,7.6,0.35,4.2,360,74,male
hays,0,4.3,0.17,3.9,278,69,female
hays,5,15.3,0.9,3.6,267,66,female
hays,5,14.7,0.87,4.3,403,80,male
obrien,0,4.6,0.3,3.7,266,70,female
obrien,0,4.6,0.3,3.7,266,70,female
obrien,1,1.9,0.04,3.5,271,69,female
obrien,1,1.9,0.04,3.5,271,69,female
obrien,5,4.3,0.16,3.7,354,77,male
obrien,5,4.3,0.16,3.7,354,77,male
obrien,0,4.6,0.3,3.7,266,70,female
obrien,3,6.9,0.42,3.3,263,71,female
obrien,3,6.9,0.42,3.3,263,71,female
obrien,0,4.6,0.3,3.7,266,70,female
obrien,0,4.6,0.3,3.7,266,70,female
obrien,1,1.9,0.04,3.5,271,69,female
obrien,3,6.5,0.22,3.7,269,68,female
obrien,0,4.6,0.3,3.7,266,70,female
obrien,1,1.9,0.04,3.5,271,69,female
obrien,3,6.5,0.22,3.7,269,68,female
obrien,1,1.9,0.04,3.5,271,69,female
obrien,5,4.3,0.16,3.7,354,77,male
obrien,2,3.4,0.08,4.7,362,77,male
obrien,1,1.9,0.04,3.5,271,69,female
obrien,2,3.4,0.08,4.7,362,77,male
obrien,5,4.3,0.16,3.7,354,77,male
obrien,3,6.9,0.42,3.3,263,71,female
obrien,5,4.3,0.16,3.7,354,77,male
obrien,1,17.7,0.94,3.5,271,70,female
obrien,5,4.3,0.16,3.7,354,77,male
obrien,0,4.6,0.3,3.7,266,70,female
obrien,1,17.7,0.94,3.5,271,70,female
obrien,3,6.9,0.42,3.3,263,71,female
obrien,3,6.5,0.22,3.7,269,68,female
obrien,3,6.9,0.42,3.3,263,71,female
obrien,0,7.3,0.35,3.9,262,68,female
obrien,3,6.9,0.42,3.3,263,71,female
obrien,1,1.9,0.04,3.5,271,69,female
obrien,2,3.4,0.08,4.7,362,77,male
obrien,3,6.5,0.22,3.7,269,68,female
obrien,0,7.3,0.35,3.9,262,68,female
obrien,1,2.9,0.07,3.8,303,69,female
obrien,3,6.5,0.22,3.7,269,68,female
obrien,3,6.5,0.22,3.7,269,68,female
obrien,5,4.3,0.16,3.7,354,77,male
obrien,1,17.7,0.94,3.5,271,70,female
obrien,2,3.4,0.08,4.7,362,77,male
obrien,1,2.9,0.07,3.8,303,69,female
obrien,5,18.6,1,5,400,77,male
obrien,2,3.4,0.08,4.7,362,77,male
obrien,2,3.4,0.08,4.7,362,77,male
obrien,0,7.3,0.35,3.9,262,68,female
obrien,3,6.9,0.42,3.3,263,71,female
obrien,0,4.6,0.3,3.7,266,70,female
obrien,1,17.7,0.94,3.5,271,70,female
obrien,1,17.7,0.94,3.5,271,70,female
obrien,5,18.6,1,5,400,77,male
obrien,1,0.8,0.04,2.6,65,47,female
obrien,1,17.7,0.94,3.5,271,70,female
obrien,3,6.5,0.22,3.7,269,68,female
obrien,1,1.9,0.04,3.5,271,69,female
obrien,0,7.3,0.35,3.9,262,68,female
obrien,1,2.9,0.07,3.8,303,69,female
obrien,1,7.2,0.28,3.3,239,65,female
obrien,0,7.3,0.35,3.9,262,68,female
obrien,1,0.8,0.04,2.6,65,47,female
obrien,0,7.3,0.35,3.9,262,68,female
obrien,2,3.4,0.08,4.7,362,77,male
obrien,5,18.6,1,5,400,77,male
obrien,5,4.3,0.16,3.7,354,77,male
obrien,1,2.9,0.07,3.8,303,69,female
obrien,1,2.9,0.07,3.8,303,69,female
obrien,4,6.1,0.21,4.1,358,78,male
obrien,1,7.2,0.28,3.3,239,65,female
obrien,0,4.6,0.3,3.7,266,70,female
obrien,1,2.9,0.07,3.8,303,69,female
obrien,1,17.7,0.94,3.5,271,70,female
fox,0,0.4,0.01,2,13,47,male
fox,0,1.2,0.06,2.8,155,53,female
fox,0,1.1,0.01,2.7,30,51,female
fox,0,0.3,0,2.2,22,44,female
fox,0,1.2,0.05,2.8,93,47,male
mabee,1,2.3,0.04,4.9,325,72,male
mabee,3,8,0.41,3.6,252,66,female
mabee,0,14.7,0.9,3.4,265,68,female
mabee,1,9.4,0.44,4.8,370,78,male
mabee,2,10.9,0.6,3.6,259,66,female
mabee,1,5.3,0.35,3.3,263,69,female
mabee,0,1.6,0.08,2.9,95,56,male
mabee,4,11.6,0.75,3.2,267,70,female
mabee,1,9.6,0.69,3.5,268,68,female
mabee,1,0.8,0.04,2.6,65,47,female
mabee,2,6.1,0.23,3.4,264,69,female
mabee,5,7.2,0.45,4.7,347,72,male
mabee,1,0.8,0.02,2.8,122,55,male
mabee,0,18,0.99,3.6,271,68,female
mabee,2,11.7,0.76,3.6,260,69,female
mabee,1,2.3,0.04,4.9,325,72,male
mabee,4,3.5,0.27,3.9,320,80,male
mabee,3,8,0.41,3.6,252,66,female
mabee,3,9.6,0.58,4.5,352,72,male
mabee,0,14.7,0.9,3.4,265,68,female
mabee,0,4.4,0.22,3.3,265,67,female
mabee,1,9.4,0.44,4.8,370,78,male
mabee,4,13.8,0.89,3.2,251,70,female
mabee,2,10.9,0.6,3.6,259,66,female
mabee,0,0.4,0.01,2,13,47,male
mabee,1,5.3,0.35,3.3,263,69,female
mabee,5,6.4,0.33,3.8,333,75,male
mabee,0,1.6,0.08,2.9,95,56,male
mabee,1,3.7,0.1,3.5,253,65,female
mabee,4,11.6,0.75,3.2,267,70,female
mabee,4,6.1,0.21,4.1,358,78,male
mabee,1,2.3,0.04,4.9,325,72,male
mabee,1,9.6,0.69,3.5,268,68,female
mabee,1,13.2,0.83,3.9,280,69,female
mabee,1,0.8,0.04,2.6,65,47,female
mabee,3,8,0.41,3.6,252,66,female
mabee,2,7.5,0.55,4.3,426,80,male
mabee,2,6.1,0.23,3.4,264,69,female
mabee,0,14.7,0.9,3.4,265,68,female
mabee,1,1.9,0.04,3.5,271,69,female
mabee,5,7.2,0.45,4.7,347,72,male
mabee,1,9.4,0.44,4.8,370,78,male
mabee,2,8.5,0.51,3.5,260,69,female
mabee,1,0.8,0.02,2.8,122,55,male
mabee,2,10.9,0.6,3.6,259,66,female
mabee,0,1.7,0.04,2.9,153,52,female
mabee,0,18,0.99,3.6,271,68,female
mabee,1,5.3,0.35,3.3,263,69,female
mabee,3,10.9,0.75,4.6,414,78,male
mabee,2,11.7,0.76,3.6,260,69,female
mabee,0,1.6,0.08,2.9,95,56,male
mabee,0,2.6,0.17,4.3,413,78,male
mabee,4,3.5,0.27,3.9,320,80,male
mabee,4,11.6,0.75,3.2,267,70,female
maxim,5,7.5,0.38,4.5,383,78,male
maxim,4,11.6,0.75,3.2,267,70,female
maxim,3,2.1,0.01,3.3,148,55,male
maxim,0,1.6,0.08,2.9,95,56,male
maxim,1,9.6,0.69,3.5,268,68,female
maxim,1,8.3,0.42,4,286,71,female
maxim,3,3.5,0.15,3.7,304,69,male
maxim,4,5.9,0.37,4.6,424,78,male
maxim,2,2.3,0.03,3.1,180,60,female
maxim,5,3.2,0.02,4.9,460,85,male
maxim,0,1.1,0.01,2.7,30,51,female
maxim,3,9.6,0.58,4.5,352,72,male
maxim,5,6.4,0.33,3.8,333,75,male
maxim,0,7.3,0.35,3.9,262,68,female
maxim,1,3.7,0.1,3.5,253,65,female
maxim,0,14.7,0.9,3.4,265,68,female
maxim,4,4.1,0.14,4.7,306,76,male
maxim,1,6.9,0.37,3.3,263,69,female
maxim,2,11.7,0.76,3.6,260,69,female
maxim,0,9.3,0.61,3.4,233,66,female
maxim,0,11.1,0.64,3.3,273,68,female
maxim,1,0.8,0.02,2.8,122,55,male
maxim,4,18.4,0.99,5,440,78,male
maxim,1,5,0.25,3.7,269,66,female
maxim,2,7.5,0.55,4.3,426,80,male
maxim,3,5,0.07,4.4,347,76,male
maxim,3,6.5,0.22,3.7,269,68,female
maxim,1,6,0.06,3.3,260,67,female
maxim,2,6.8,0.49,3.3,275,68,female
maxim,1,1.3,0.02,3,131,53,female
maxim,5,4.3,0.16,3.7,354,77,male
letson,3,3.3,0.23,3.6,257,68,female
letson,2,3.8,0.15,3.8,356,73,male
letson,5,3.2,0.02,4.9,460,85,male
letson,0,9.4,0.76,4.7,342,74,male
letson,2,6.8,0.49,3.3,275,68,female
letson,2,8.5,0.51,3.5,260,69,female
letson,0,7.3,0.35,3.9,262,68,female
letson,3,3.3,0.23,3.6,257,68,female
letson,0,14.7,0.9,3.4,265,68,female
letson,2,3.8,0.15,3.8,356,73,male
letson,1,6,0.06,3.3,260,67,female
letson,5,3.2,0.02,4.9,460,85,male
letson,4,5.9,0.29,4.4,383,77,male
letson,0,9.4,0.76,4.7,342,74,male
letson,3,6.5,0.22,3.7,269,68,female
letson,2,6.8,0.49,3.3,275,68,female
letson,3,3.3,0.23,3.6,257,68,female
letson,0,9.3,0.61,3.4,233,66,female
letson,2,8.5,0.51,3.5,260,69,female
letson,2,3.8,0.15,3.8,356,73,male
letson,5,18.6,1,5,400,77,male
letson,0,7.3,0.35,3.9,262,68,female
letson,5,3.2,0.02,4.9,460,85,male
letson,1,15.1,0.94,3.9,287,70,female
letson,0,14.7,0.9,3.4,265,68,female
letson,0,9.4,0.76,4.7,342,74,male
letson,0,11.1,0.64,3.3,273,68,female
letson,1,6,0.06,3.3,260,67,female
letson,2,6.8,0.49,3.3,275,68,female
hobbs,1,13.2,0.84,3.9,274,72,female
hobbs,3,3.5,0.15,3.7,304,69,male
hobbs,1,7.2,0.28,3.3,239,65,female
hobbs,5,15.3,0.9,3.6,267,66,female
hobbs,0,1.1,0.01,2.7,30,51,female
hobbs,0,3.6,0.01,3.6,269,68,female
hobbs,1,2.9,0.07,3.8,303,69,female
hobbs,0,11.1,0.64,3.3,273,68,female
hobbs,1,13.2,0.84,3.9,274,72,female
hobbs,2,11.7,0.76,3.6,260,69,female
hobbs,3,3.5,0.15,3.7,304,69,male
hobbs,1,10.9,0.75,3.9,285,72,female
hobbs,1,7.2,0.28,3.3,239,65,female
hobbs,3,6.8,0.35,4.3,389,76,male
hobbs,5,15.3,0.9,3.6,267,66,female
hobbs,1,0.8,0.04,2.6,65,47,female
hobbs,0,1.1,0.01,2.7,30,51,female
hobbs,1,8.3,0.42,4,286,71,female
hobbs,0,3.6,0.01,3.6,269,68,female
hobbs,3,3.3,0.23,3.6,257,68,female
hobbs,1,2.9,0.07,3.8,303,69,female
hobbs,4,3.7,0.15,3.8,294,72,male
hobbs,0,11.1,0.64,3.3,273,68,female
hobbs,4,11.6,0.75,3.2,267,70,female
hobbs,2,11.7,0.76,3.6,260,69,female
hobbs,1,16.7,0.95,4,348,73,male
hobbs,1,10.9,0.75,3.9,285,72,female
hobbs,3,17.2,0.99,4.8,350,76,male
hobbs,1,13.2,0.84,3.9,274,72,female
hobbs,3,6.8,0.35,4.3,389,76,male
hobbs,0,1.2,0.06,2.8,155,53,female
hobbs,1,13.2,0.84,3.9,274,72,female
hobbs,3,3.5,0.15,3.7,304,69,male
hobbs,1,0.8,0.04,2.6,65,47,female
hobbs,1,13.2,0.84,3.9,274,72,female
hobbs,3,3.5,0.15,3.7,304,69,male
hobbs,0,4.4,0.22,3.3,265,67,female
hobbs,1,8.3,0.42,4,286,71,female
hobbs,1,13.2,0.84,3.9,274,72,female
hobbs,1,7.2,0.28,3.3,239,65,female
hobbs,1,13.2,0.84,3.9,274,72,female
hobbs,3,3.5,0.15,3.7,304,69,male
hobbs,1,13.2,0.84,3.9,274,72,female
hobbs,1,10.4,0.72,4,280,70,female
hobbs,1,7.2,0.28,3.3,239,65,female
hobbs,1,13.2,0.84,3.9,274,72,female
hobbs,5,15.3,0.9,3.6,267,66,female
hobbs,3,3.5,0.15,3.7,304,69,male
hobbs,1,13.2,0.84,3.9,274,72,female
hobbs,3,3.3,0.23,3.6,257,68,female
hobbs,3,3.5,0.15,3.7,304,69,male
hobbs,3,3.5,0.15,3.7,304,69,male
hobbs,1,7.2,0.28,3.3,239,65,female
hobbs,5,15.3,0.9,3.6,267,66,female
hobbs,0,1.6,0.08,2.9,95,56,male
hobbs,1,7.2,0.28,3.3,239,65,female
hobbs,3,3.5,0.15,3.7,304,69,male
hobbs,0,1.1,0.01,2.7,30,51,female
hobbs,3,3.5,0.15,3.7,304,69,male
hobbs,4,3.7,0.15,3.8,294,72,male
hobbs,1,7.2,0.28,3.3,239,65,female
hobbs,1,7.2,0.28,3.3,239,65,female
hobbs,5,15.3,0.9,3.6,267,66,female
hobbs,1,13.2,0.84,3.9,274,72,female
hobbs,1,7.2,0.28,3.3,239,65,female
hobbs,0,1.1,0.01,2.7,30,51,female
hobbs,1,13.2,0.84,3.9,274,72,female
hobbs,0,1.1,0.01,2.7,30,51,female
hobbs,1,13.2,0.84,3.9,274,72,female
hobbs,1,7.2,0.28,3.3,239,65,female
hobbs,2,11.7,0.76,3.6,260,69,female
hobbs,0,7,0.39,3.4,257,66,female
hobbs,5,15.3,0.9,3.6,267,66,female
hobbs,1,13.2,0.84,3.9,274,72,female
hobbs,3,3.5,0.15,3.7,304,69,male
hobbs,4,11.6,0.75,3.2,267,70,female
hobbs,0,1.1,0.01,2.7,30,51,female
hobbs,3,3.5,0.15,3.7,304,69,male
hobbs,0,3.6,0.01,3.6,269,68,female
hobbs,5,15.3,0.9,3.6,267,66,female
hobbs,1,13.2,0.84,3.9,274,72,female
hobbs,1,13.2,0.84,3.9,274,72,female
hobbs,0,3.6,0.01,3.6,269,68,female
hobbs,3,3.5,0.15,3.7,304,69,male
hobbs,0,1.1,0.01,2.7,30,51,female
hobbs,1,10.9,0.75,3.9,285,72,female
hobbs,1,7.2,0.28,3.3,239,65,female
hobbs,3,3.5,0.15,3.7,304,69,male
hobbs,5,15.3,0.9,3.6,267,66,female
hobbs,0,1.1,0.01,2.7,30,51,female
hobbs,1,10.9,0.75,3.9,285,72,female
hobbs,1,2.9,0.07,3.8,303,69,female
hobbs,1,13.2,0.84,3.9,274,72,female
hobbs,3,3.5,0.15,3.7,304,69,male
hobbs,1,7.2,0.28,3.3,239,65,female
hobbs,1,13.2,0.84,3.9,274,72,female
hobbs,0,3.6,0.01,3.6,269,68,female
hobbs,3,3.5,0.15,3.7,304,69,male
hobbs,4,9.9,0.56,4.5,371,78,male
hobbs,0,3.6,0.01,3.6,269,68,female
hobbs,1,10.9,0.75,3.9,285,72,female
hobbs,5,15.3,0.9,3.6,267,66,female
hobbs,1,7.2,0.28,3.3,239,65,female
hobbs,0,1.1,0.01,2.7,30,51,female
hobbs,3,6.8,0.35,4.3,389,76,male
hobbs,0,3.6,0.01,3.6,269,68,female
hobbs,2,11.7,0.76,3.6,260,69,female
hobbs,1,7.2,0.28,3.3,239,65,female
hobbs,0,1.1,0.01,2.7,30,51,female
hobbs,1,7.2,0.28,3.3,239,65,female
hobbs,5,15.3,0.9,3.6,267,66,female
hobbs,3,3.5,0.15,3.7,304,69,male
hobbs,3,6.8,0.35,4.3,389,76,male
hobbs,5,15.3,0.9,3.6,267,66,female
hobbs,1,7.2,0.28,3.3,239,65,female
hobbs,2,11.7,0.76,3.6,260,69,female
hobbs,2,11.7,0.76,3.6,260,69,female
hobbs,1,2.9,0.07,3.8,303,69,female
hobbs,0,1.2,0.06,2.8,155,53,female
hobbs,0,1.1,0.01,2.7,30,51,female
hobbs,0,11.1,0.64,3.3,273,68,female
hobbs,0,3.6,0.01,3.6,269,68,female
hobbs,5,15.3,0.9,3.6,267,66,female
hobbs,5,4.6,0.16,5.3,418,77,male
hobbs,0,1.1,0.01,2.7,30,51,female
hobbs,5,15.3,0.9,3.6,267,66,female
hobbs,0,1.1,0.01,2.7,30,51,female
hobbs,0,3.6,0.01,3.6,269,68,female
hobbs,1,0.8,0.04,2.6,65,47,female
hobbs,1,7.2,0.28,3.3,239,65,female
hobbs,5,15.3,0.9,3.6,267,66,female
hobbs,0,1.1,0.01,2.7,30,51,female
hobbs,1,10.9,0.75,3.9,285,72,female
hobbs,0,11.1,0.64,3.3,273,68,female
hobbs,2,11.7,0.76,3.6,260,69,female
hobbs,5,15.3,0.9,3.6,267,66,female
hobbs,3,6.8,0.35,4.3,389,76,male
hobbs,1,2.9,0.07,3.8,303,69,female
hobbs,1,2.9,0.07,3.8,303,69,female
hobbs,1,0.8,0.04,2.6,65,47,female
hobbs,0,1.1,0.01,2.7,30,51,female
hobbs,0,1.1,0.01,2.7,30,51,female
hobbs,1,7.2,0.28,3.3,239,65,female
hobbs,1,8.3,0.42,4,286,71,female
hobbs,0,11.1,0.64,3.3,273,68,female
hobbs,0,4.4,0.22,3.3,265,67,female
hobbs,1,2.9,0.07,3.8,303,69,female
hobbs,1,10.9,0.75,3.9,285,72,female
hobbs,0,6.7,0.43,3.7,309,75,male
hobbs,0,3.6,0.01,3.6,269,68,female
hobbs,1,10.9,0.75,3.9,285,72,female
hobbs,3,6.8,0.35,4.3,389,76,male
hobbs,0,1.1,0.01,2.7,30,51,female
obrien,3,8,0.41,3.6,252,66,female
hobbs,0,3.6,0.01,3.6,269,68,female
obrien,3,6.9,0.42,3.3,263,71,female
obrien,1,2.9,0.07,3.8,303,69,female
hobbs,1,8.3,0.42,4,286,71,female
hobbs,2,11.7,0.76,3.6,260,69,female
obrien,5,10.3,0.75,4,309,70,male
hobbs,0,11.1,0.64,3.3,273,68,female
hobbs,4,11.6,0.75,3.2,267,70,female
hobbs,0,3.6,0.01,3.6,269,68,female
obrien,3,8,0.41,3.6,252,66,female
hobbs,0,3.6,0.01,3.6,269,68,female
obrien,5,10.3,0.75,4,309,70,male
obrien,5,10.3,0.75,4,309,70,male
hobbs,2,11.7,0.76,3.6,260,69,female
hobbs,1,0.8,0.04,2.6,65,47,female
obrien,3,8,0.41,3.6,252,66,female
obrien,1,2.9,0.07,3.8,303,69,female
obrien,4,13.6,0.87,4.9,458,80,male
hobbs,1,8.3,0.42,4,286,71,female
obrien,3,8,0.41,3.6,252,66,female
hobbs,0,11.1,0.64,3.3,273,68,female
hobbs,1,8.3,0.42,4,286,71,female
hobbs,2,11.7,0.76,3.6,260,69,female
obrien,2,4,0.2,4.1,279,70,male
hobbs,1,8.3,0.42,4,286,71,female
obrien,5,10.3,0.75,4,309,70,male
hobbs,1,1.9,0.04,3.5,271,69,female
obrien,1,9.4,0.44,4.8,370,78,male
hobbs,1,16.7,0.95,4,348,73,male
obrien,4,13.6,0.87,4.9,458,80,male
obrien,4,13.6,0.87,4.9,458,80,male
obrien,4,13.6,0.87,4.9,458,80,male
obrien,2,4,0.2,4.1,279,70,male
obrien,1,4.2,0.11,3.6,272,67,female
obrien,4,13.6,0.87,4.9,458,80,male
obrien,1,2.9,0.07,3.8,303,69,female
obrien,3,6.9,0.42,3.3,263,71,female
obrien,1,2.9,0.07,3.8,303,69,female
obrien,5,10.3,0.75,4,309,70,male
obrien,1,4.2,0.11,3.6,272,67,female
obrien,1,4.2,0.11,3.6,272,67,female
obrien,3,6.9,0.42,3.3,263,71,female
obrien,1,9.4,0.44,4.8,370,78,male
obrien,2,4,0.2,4.1,279,70,male
obrien,5,10.3,0.75,4,309,70,male
obrien,5,10.3,0.75,4,309,70,male
obrien,5,10.3,0.75,4,309,70,male
obrien,5,10.3,0.75,4,309,70,male
obrien,2,5.4,0.37,3.5,394,75,male
obrien,2,5.4,0.37,3.5,394,75,male
obrien,4,13.6,0.87,4.9,458,80,male
obrien,1,4.2,0.11,3.6,272,67,female
obrien,4,13.6,0.87,4.9,458,80,male
obrien,3,8,0.41,3.6,252,66,female
obrien,1,9.4,0.44,4.8,370,78,male
obrien,2,4,0.2,4.1,279,70,male
obrien,2,5.4,0.37,3.5,394,75,male
obrien,3,8,0.41,3.6,252,66,female
obrien,1,9.4,0.44,4.8,370,78,male
obrien,1,9.4,0.44,4.8,370,78,male
obrien,1,4.2,0.11,3.6,272,67,female
obrien,1,9.4,0.44,4.8,370,78,male
obrien,1,9.4,0.44,4.8,370,78,male
obrien,3,9.6,0.58,4.5,352,72,male
obrien,5,10.3,0.75,4,309,70,male
obrien,2,5.4,0.37,3.5,394,75,male
obrien,3,9.6,0.58,4.5,352,72,male
obrien,3,9.6,0.58,4.5,352,72,male
obrien,2,4,0.2,4.1,279,70,male
obrien,1,2.9,0.07,3.8,303,69,female
obrien,1,9.4,0.44,4.8,370,78,male
obrien,2,5.4,0.37,3.5,394,75,male
obrien,1,4.2,0.11,3.6,272,67,female
obrien,2,5.4,0.37,3.5,394,75,male
obrien,1,2.9,0.07,3.8,303,69,female
obrien,5,10.3,0.75,4,309,70,male
obrien,3,9.6,0.58,4.5,352,72,male
obrien,3,6.9,0.42,3.3,263,71,female
obrien,3,6.9,0.42,3.3,263,71,female
obrien,3,6.9,0.42,3.3,263,71,female
obrien,2,10.9,0.6,3.6,259,66,female
obrien,2,4,0.2,4.1,279,70,male
obrien,3,6.9,0.42,3.3,263,71,female
obrien,2,4,0.2,4.1,279,70,male
obrien,2,10.9,0.6,3.6,259,66,female
obrien,3,6.9,0.42,3.3,263,71,female
obrien,2,4,0.2,4.1,279,70,male
obrien,4,13.6,0.87,4.9,458,80,male
obrien,2,10.9,0.6,3.6,259,66,female
obrien,5,7.2,0.45,4.7,347,72,male
obrien,2,4,0.2,4.1,279,70,male
obrien,5,7.2,0.45,4.7,347,72,male
obrien,2,5.4,0.37,3.5,394,75,male
obrien,4,13.6,0.87,4.9,458,80,male
obrien,3,9.6,0.58,4.5,352,72,male
obrien,3,9.6,0.58,4.5,352,72,male
obrien,0,7.3,0.35,3.9,262,68,female
obrien,1,9.4,0.44,4.8,370,78,male
obrien,4,13.6,0.87,4.9,458,80,male
obrien,2,10.9,0.6,3.6,259,66,female
obrien,5,7.2,0.45,4.7,347,72,male
obrien,3,8,0.41,3.6,252,66,female
obrien,1,4.2,0.11,3.6,272,67,female
obrien,3,8,0.41,3.6,252,66,female
obrien,1,4.2,0.11,3.6,272,67,female
obrien,3,8,0.41,3.6,252,66,female
obrien,1,4.2,0.11,3.6,272,67,female
obrien,0,2.6,0.17,4.3,413,78,male
obrien,5,7.2,0.45,4.7,347,72,male
obrien,4,13.6,0.87,4.9,458,80,male
obrien,5,10.3,0.75,4,309,70,male
obrien,5,7.2,0.45,4.7,347,72,male
obrien,3,8,0.41,3.6,252,66,female
obrien,2,10.9,0.6,3.6,259,66,female
obrien,0,7.3,0.35,3.9,262,68,female
obrien,2,10.9,0.6,3.6,259,66,female
obrien,3,9.6,0.58,4.5,352,72,male
obrien,2,4,0.2,4.1,279,70,male
obrien,0,9.3,0.61,3.4,233,66,female
obrien,2,10.9,0.6,3.6,259,66,female
obrien,2,4,0.2,4.1,279,70,male
obrien,2,5.4,0.37,3.5,394,75,male
obrien,2,5.4,0.37,3.5,394,75,male
obrien,2,7.5,0.55,4.3,426,80,male
obrien,5,10.3,0.75,4,309,70,male
obrien,0,9.3,0.61,3.4,233,66,female
obrien,1,4.2,0.11,3.6,272,67,female
obrien,1,2.9,0.07,3.8,303,69,female
obrien,3,9.6,0.58,4.5,352,72,male
obrien,1,9.4,0.44,4.8,370,78,male
obrien,3,9.6,0.58,4.5,352,72,male
obrien,0,7.3,0.35,3.9,262,68,female
obrien,0,2.6,0.17,4.3,413,78,male
obrien,0,14.7,0.9,3.4,265,68,female
obrien,5,7.2,0.45,4.7,347,72,male
obrien,1,9.4,0.44,4.8,370,78,male
obrien,2,10.9,0.6,3.6,259,66,female
obrien,0,7.3,0.35,3.9,262,68,female
obrien,5,7.2,0.45,4.7,347,72,male
obrien,5,10.3,0.75,4,309,70,male
obrien,4,13.6,0.87,4.9,458,80,male
obrien,1,9.4,0.44,4.8,370,78,male
obrien,1,4.2,0.11,3.6,272,67,female
obrien,1,4.2,0.11,3.6,272,67,female
obrien,5,7.2,0.45,4.7,347,72,male
obrien,4,7.4,0.56,4.1,359,77,male
obrien,1,2.9,0.07,3.8,303,69,female
obrien,3,9.6,0.58,4.5,352,72,male
obrien,3,9.6,0.58,4.5,352,72,male
obrien,0,7.3,0.35,3.9,262,68,female
obrien,2,6.8,0.49,3.3,275,68,female
obrien,0,2.6,0.17,4.3,413,78,male
obrien,2,10.9,0.6,3.6,259,66,female
obrien,2,5.4,0.37,3.5,394,75,male
obrien,0,2.6,0.17,4.3,413,78,male
obrien,2,6.8,0.49,3.3,275,68,female
obrien,0,14.7,0.9,3.4,265,68,female
obrien,0,7.3,0.35,3.9,262,68,female
obrien,2,4,0.2,4.1,279,70,male
obrien,0,2.6,0.17,4.3,413,78,male
obrien,0,2.6,0.17,4.3,413,78,male
obrien,0,2.6,0.17,4.3,413,78,male
obrien,4,13.6,0.87,4.9,458,80,male
obrien,2,10.9,0.6,3.6,259,66,female
obrien,1,9.4,0.44,4.8,370,78,male
obrien,1,5,0.25,3.7,269,66,female
obrien,2,5.4,0.37,3.5,394,75,male
obrien,2,5.4,0.37,3.5,394,75,male
obrien,1,4.2,0.11,3.6,272,67,female
obrien,0,1.7,0.04,2.9,153,52,female
obrien,0,9.3,0.61,3.4,233,66,female
obrien,3,9.6,0.58,4.5,352,72,male
obrien,5,7.2,0.45,4.7,347,72,male
obrien,2,6.8,0.49,3.3,275,68,female
obrien,0,2.6,0.17,4.3,413,78,male
obrien,4,7.4,0.56,4.1,359,77,male
obrien,1,4.2,0.11,3.6,272,67,female
obrien,0,9.3,0.61,3.4,233,66,female
obrien,5,10.3,0.75,4,309,70,male
obrien,2,5.4,0.37,3.5,394,75,male
obrien,0,9.3,0.61,3.4,233,66,female
obrien,0,14.7,0.9,3.4,265,68,female
obrien,0,9.3,0.61,3.4,233,66,female
obrien,2,4,0.2,4.1,279,70,male
obrien,2,7.5,0.55,4.3,426,80,male
obrien,0,9.3,0.61,3.4,233,66,female
obrien,3,3.3,0.23,3.6,257,68,female
obrien,0,7.3,0.35,3.9,262,68,female
obrien,2,10.9,0.6,3.6,259,66,female
obrien,3,9.6,0.58,4.5,352,72,male
obrien,0,14.7,0.9,3.4,265,68,female
obrien,3,9.6,0.58,4.5,352,72,male
obrien,0,2.6,0.17,4.3,413,78,male
obrien,1,4.2,0.11,3.6,272,67,female
obrien,2,6.8,0.49,3.3,275,68,female
sherbina,0,8.1,0.47,3.6,275,68,female
obrien,2,7.5,0.55,4.3,426,80,male
sherbina,3,5,0.07,4.4,347,76,male
obrien,0,7.3,0.35,3.9,262,68,female
obrien,3,3.3,0.23,3.6,257,68,female
obrien,0,1.7,0.04,2.9,153,52,female
obrien,0,14.7,0.9,3.4,265,68,female
obrien,5,7.2,0.45,4.7,347,72,male
obrien,2,6.8,0.49,3.3,275,68,female
obrien,2,5.4,0.37,3.5,394,75,male
obrien,3,5.4,0.19,3.8,265,68,female
obrien,2,6.8,0.49,3.3,275,68,female
obrien,2,5.4,0.37,3.5,394,75,male
obrien,2,10.9,0.6,3.6,259,66,female
sherbina,5,10.2,0.49,4.1,270,70,male
obrien,2,6.8,0.49,3.3,275,68,female
obrien,0,7.3,0.35,3.9,262,68,female
obrien,3,9.6,0.58,4.5,352,72,male
obrien,1,9.4,0.44,4.8,370,78,male
obrien,1,4.2,0.11,3.6,272,67,female
obrien,0,14.7,0.9,3.4,265,68,female
obrien,0,7.3,0.35,3.9,262,68,female
obrien,0,7.3,0.35,3.9,262,68,female
obrien,0,14.7,0.9,3.4,265,68,female
sherbina,1,2.9,0.07,3.8,303,69,female
sherbina,3,8.1,0.44,3,253,69,female
obrien,0,9.3,0.61,3.4,233,66,female
obrien,3,5.4,0.19,3.8,265,68,female
obrien,3,5.4,0.19,3.8,265,68,female
obrien,3,3.3,0.23,3.6,257,68,female
obrien,2,6.8,0.49,3.3,275,68,female
obrien,2,6.8,0.49,3.3,275,68,female
obrien,1,5,0.25,3.7,269,66,female
obrien,1,5,0.25,3.7,269,66,female
obrien,0,1.7,0.04,2.9,153,52,female
sherbina,3,17.2,0.99,4.8,350,76,male
obrien,2,10.9,0.6,3.6,259,66,female
obrien,3,5.4,0.19,3.8,265,68,female
obrien,0,14.7,0.9,3.4,265,68,female
obrien,2,6.8,0.49,3.3,275,68,female
obrien,0,14.7,0.9,3.4,265,68,female
sherbina,5,3.2,0.02,4.9,460,85,male
obrien,3,9.6,0.58,4.5,352,72,male
obrien,5,7.2,0.45,4.7,347,72,male
obrien,2,5.4,0.37,3.5,394,75,male
obrien,3,9.6,0.58,4.5,352,72,male
obrien,0,14.7,0.9,3.4,265,68,female
obrien,1,4.2,0.11,3.6,272,67,female
obrien,2,7.5,0.55,4.3,426,80,male
obrien,0,9.3,0.61,3.4,233,66,female
obrien,1,5,0.25,3.7,269,66,female
obrien,4,5.8,0.33,4.6,358,75,male
obrien,0,7.3,0.35,3.9,262,68,female
obrien,2,7.5,0.55,4.3,426,80,male
obrien,2,7.5,0.55,4.3,426,80,male
obrien,4,5.8,0.33,4.6,358,75,male
obrien,4,5.8,0.33,4.6,358,75,male
obrien,3,3.5,0.15,3.7,304,69,male
sherbina,4,6.1,0.21,4.1,358,78,male
obrien,5,7.2,0.45,4.7,347,72,male
obrien,3,3.3,0.23,3.6,257,68,female
obrien,2,10.9,0.6,3.6,259,66,female
obrien,3,3.1,0.01,4.5,395,80,male
obrien,2,6.8,0.49,3.3,275,68,female
obrien,3,9.6,0.58,4.5,352,72,male
obrien,1,5,0.25,3.7,269,66,female
sherbina,3,6.5,0.22,3.7,269,68,female
obrien,4,7.4,0.56,4.1,359,77,male
obrien,2,5.4,0.37,3.5,394,75,male
obrien,0,9.3,0.61,3.4,233,66,female
obrien,4,7.4,0.56,4.1,359,77,male
obrien,5,7.2,0.45,4.7,347,72,male
obrien,2,7.5,0.55,4.3,426,80,male
obrien,2,7.5,0.55,4.3,426,80,male
obrien,1,5,0.25,3.7,269,66,female
obrien,4,7.4,0.56,4.1,359,77,male
obrien,4,7.4,0.56,4.1,359,77,male
obrien,4,7.4,0.56,4.1,359,77,male
obrien,3,3.5,0.15,3.7,304,69,male
sherbina,3,5.4,0.19,3.8,265,68,female
obrien,0,7.3,0.35,3.9,262,68,female
obrien,2,7.5,0.55,4.3,426,80,male
obrien,3,3.5,0.15,3.7,304,69,male
obrien,1,6,0.06,3.3,260,67,female
obrien,0,14.7,0.9,3.4,265,68,female
obrien,3,3.1,0.01,4.5,395,80,male
obrien,3,5.4,0.19,3.8,265,68,female
obrien,5,7.2,0.45,4.7,347,72,male
obrien,5,7.2,0.45,4.7,347,72,male
obrien,1,5,0.25,3.7,269,66,female
obrien,0,2.6,0.17,4.3,413,78,male
sherbina,5,10.2,0.49,4.1,270,70,male
obrien,4,7.4,0.56,4.1,359,77,male
sherbina,3,5.4,0.19,3.8,265,68,female
sherbina,1,0.8,0.02,2.8,122,55,male
sherbina,5,10.2,0.49,4.1,270,70,male
obrien,4,6.1,0.21,4.1,358,78,male
obrien,0,14.7,0.9,3.4,265,68,female
obrien,5,7.2,0.45,4.7,347,72,male
obrien,0,1.7,0.04,2.9,153,52,female
obrien,3,3.3,0.23,3.6,257,68,female
obrien,3,5.4,0.19,3.8,265,68,female
obrien,1,6,0.06,3.3,260,67,female
obrien,4,7.4,0.56,4.1,359,77,male
obrien,0,9.3,0.61,3.4,233,66,female
obrien,0,14.7,0.9,3.4,265,68,female
obrien,3,3.3,0.23,3.6,257,68,female
obrien,3,3.1,0.01,4.5,395,80,male
sherbina,5,3.2,0.02,4.9,460,85,male
obrien,0,2.6,0.17,4.3,413,78,male
sherbina,5,3.2,0.02,4.9,460,85,male
obrien,0,2.6,0.17,4.3,413,78,male
sherbina,1,9.4,0.44,4.8,370,78,male
sherbina,3,8.1,0.44,3,253,69,female
sherbina,2,11.7,0.76,3.6,260,69,female
sherbina,3,8.1,0.44,3,253,69,female
obrien,2,7.5,0.55,4.3,426,80,male
sherbina,5,10.2,0.49,4.1,270,70,male
obrien,4,5.8,0.33,4.6,358,75,male
obrien,4,5.8,0.33,4.6,358,75,male
obrien,3,17.2,0.99,4.8,350,76,male
obrien,1,6,0.06,3.3,260,67,female
obrien,3,5.4,0.19,3.8,265,68,female
obrien,2,6.8,0.49,3.3,275,68,female
obrien,0,1.7,0.04,2.9,153,52,female
obrien,3,5.4,0.19,3.8,265,68,female
obrien,0,1.7,0.04,2.9,153,52,female
sherbina,5,3.2,0.02,4.9,460,85,male
obrien,4,5.9,0.41,3.7,263,69,female
sherbina,0,8.1,0.47,3.6,275,68,female
sherbina,0,8.1,0.47,3.6,275,68,female
obrien,0,2.6,0.17,4.3,413,78,male
sherbina,3,3.3,0.23,3.6,257,68,female
obrien,3,3.3,0.23,3.6,257,68,female
sherbina,1,9.4,0.44,4.8,370,78,male
sherbina,5,3.2,0.02,4.9,460,85,male
sherbina,3,8.1,0.44,3,253,69,female
sherbina,0,8.1,0.47,3.6,275,68,female
sherbina,3,5,0.07,4.4,347,76,male
sherbina,1,0.9,0.04,2.8,92,52,male
sherbina,3,5,0.07,4.4,347,76,male
sherbina,0,8.1,0.47,3.6,275,68,female
sherbina,1,16.7,0.95,4,348,73,male
sherbina,5,3.2,0.02,4.9,460,85,male
sherbina,3,5,0.07,4.4,347,76,male
sherbina,3,6.5,0.22,3.7,269,68,female
sherbina,3,9.6,0.58,4.5,352,72,male
sherbina,3,6.5,0.22,3.7,269,68,female
sherbina,3,5,0.07,4.4,347,76,male
sherbina,3,3.3,0.23,3.6,257,68,female
sherbina,0,8.1,0.47,3.6,275,68,female
sherbina,3,6.5,0.22,3.7,269,68,female
sherbina,3,2.9,0.08,3.5,203,64,male
sherbina,5,10.3,0.75,4,309,70,male
sherbina,3,2.9,0.08,3.5,203,64,male
sherbina,1,0.9,0.04,2.8,92,52,male
sherbina,3,5,0.07,4.4,347,76,male
sherbina,4,15.1,0.86,3.7,387,73,male
sherbina,3,6.5,0.22,3.7,269,68,female
sherbina,0,4.4,0.22,3.3,265,67,female
sherbina,3,2.9,0.08,3.5,203,64,male
sherbina,5,10.2,0.49,4.1,270,70,male
sherbina,3,9.6,0.58,4.5,352,72,male
sherbina,4,15.1,0.86,3.7,387,73,male
sherbina,5,10.2,0.49,4.1,270,70,male
sherbina,5,10.2,0.49,4.1,270,70,male
sherbina,3,6.5,0.22,3.7,269,68,female
sherbina,3,2.9,0.08,3.5,203,64,male
sherbina,2,10.9,0.6,3.6,259,66,female
sherbina,4,15.1,0.86,3.7,387,73,male
sherbina,1,2.9,0.07,3.8,303,69,female
sherbina,3,8.1,0.44,3,253,69,female
sherbina,5,10.3,0.75,4,309,70,male
sherbina,3,8.1,0.44,3,253,69,female
sherbina,1,2.9,0.07,3.8,303,69,female
sherbina,3,8.1,0.44,3,253,69,female
sherbina,3,2.9,0.08,3.5,203,64,male
sherbina,4,15.1,0.86,3.7,387,73,male
sherbina,0,8.6,0.6,3.6,263,71,female
sherbina,5,3.2,0.02,4.9,460,85,male
sherbina,3,17.2,0.99,4.8,350,76,male
sherbina,5,10.2,0.49,4.1,270,70,male
sherbina,1,2.9,0.07,3.8,303,69,female
sherbina,0,4.4,0.22,3.3,265,67,female
sherbina,5,3.2,0.02,4.9,460,85,male
sherbina,5,3.2,0.02,4.9,460,85,male
sherbina,3,17.2,0.99,4.8,350,76,male
sherbina,4,15.1,0.86,3.7,387,73,male
sherbina,1,2.9,0.07,3.8,303,69,female
sherbina,1,8.3,0.42,4,286,71,female
sherbina,3,8.1,0.44,3,253,69,female
sherbina,3,17.2,0.99,4.8,350,76,male
sherbina,4,6.1,0.21,4.1,358,78,male
sherbina,0,8.1,0.47,3.6,275,68,female
sherbina,0,8.1,0.47,3.6,275,68,female
sherbina,4,6.1,0.21,4.1,358,78,male
sherbina,0,8.1,0.47,3.6,275,68,female
sherbina,2,10.9,0.6,3.6,259,66,female
sherbina,1,2.9,0.07,3.8,303,69,female
sherbina,5,3.2,0.02,4.9,460,85,male
sherbina,3,17.2,0.99,4.8,350,76,male
sherbina,4,14,0.88,4.7,299,73,male
sherbina,4,6.1,0.21,4.1,358,78,male
sherbina,3,5.4,0.19,3.8,265,68,female
sherbina,3,5,0.07,4.4,347,76,male
sherbina,3,17.2,0.99,4.8,350,76,male
sherbina,3,5,0.07,4.4,347,76,male
sherbina,3,5.4,0.19,3.8,265,68,female
sherbina,0,8.1,0.47,3.6,275,68,female
sherbina,4,6.1,0.21,4.1,358,78,male
sherbina,0,1.1,0.01,2.7,30,51,female
sherbina,3,5,0.07,4.4,347,76,male
sherbina,0,8.6,0.6,3.6,263,71,female
sherbina,3,5.4,0.19,3.8,265,68,female
sherbina,1,0.8,0.02,2.8,122,55,male
sherbina,3,6.5,0.22,3.7,269,68,female
sherbina,3,6.5,0.22,3.7,269,68,female
sherbina,5,10.2,0.49,4.1,270,70,male
sherbina,3,6.5,0.22,3.7,269,68,female
sherbina,1,8.3,0.42,4,286,71,female
sherbina,1,0.8,0.02,2.8,122,55,male
sherbina,3,5.4,0.19,3.8,265,68,female
sherbina,3,5,0.07,4.4,347,76,male
sherbina,1,0.8,0.04,2.6,65,47,female
sherbina,4,6.1,0.21,4.1,358,78,male
sherbina,3,2.9,0.08,3.5,203,64,male
sherbina,2,11.7,0.76,3.6,260,69,female
sherbina,1,0.8,0.02,2.8,122,55,male
sherbina,3,2.9,0.08,3.5,203,64,male
sherbina,3,8.1,0.44,3,253,69,female
sherbina,1,0.8,0.02,2.8,122,55,male
sherbina,0,9.4,0.76,4.7,342,74,male
sherbina,3,2.9,0.08,3.5,203,64,male
sherbina,2,11.7,0.76,3.6,260,69,female
sherbina,3,5.4,0.19,3.8,265,68,female
sherbina,4,14,0.88,4.7,299,73,male
sherbina,3,6.5,0.22,3.7,269,68,female
sherbina,4,15.1,0.86,3.7,387,73,male
sherbina,4,15.1,0.86,3.7,387,73,male
sherbina,5,3.2,0.02,4.9,460,85,male
sherbina,2,11.7,0.76,3.6,260,69,female
sherbina,1,9.4,0.44,4.8,370,78,male
sherbina,2,11.7,0.76,3.6,260,69,female
sherbina,1,0.8,0.02,2.8,122,55,male
sherbina,0,6.7,0.43,3.7,309,75,male
sherbina,0,1.1,0.01,2.7,30,51,female
sherbina,1,9.4,0.44,4.8,370,78,male
sherbina,4,15.1,0.86,3.7,387,73,male
sherbina,1,2.9,0.07,3.8,303,69,female
sherbina,1,2.9,0.07,3.8,303,69,female
sherbina,3,2.9,0.08,3.5,203,64,male
sherbina,1,9.4,0.44,4.8,370,78,male
sherbina,0,8.1,0.47,3.6,275,68,female
sherbina,1,9.4,0.44,4.8,370,78,male
sherbina,1,16.7,0.95,4,348,73,male
sherbina,2,11.7,0.76,3.6,260,69,female
sherbina,1,0.8,0.04,2.6,65,47,female
sherbina,1,2.9,0.07,3.8,303,69,female
sherbina,1,15.1,0.94,3.9,287,70,female
sherbina,1,16.7,0.95,4,348,73,male
sherbina,4,15.1,0.86,3.7,387,73,male
sherbina,3,17.2,0.99,4.8,350,76,male
sherbina,3,17.2,0.99,4.8,350,76,male
sherbina,3,5,0.07,4.4,347,76,male
sherbina,1,16.7,0.95,4,348,73,male
sherbina,3,3.3,0.23,3.6,257,68,female
sherbina,1,16.7,0.95,4,348,73,male
sherbina,3,17.2,0.99,4.8,350,76,male
sherbina,0,9.4,0.76,4.7,342,74,male
sherbina,1,9.4,0.44,4.8,370,78,male
morrison,4,5.9,0.29,4.4,383,77,male
morrison,2,6.8,0.49,3.3,275,68,female
morrison,1,1.3,0.02,3,131,53,female
morrison,4,13.6,0.87,4.9,458,80,male
morrison,2,2.3,0.03,3.1,180,60,female
morrison,2,5.4,0.37,3.5,394,75,male
morrison,1,10.4,0.72,4,280,70,female
morrison,2,3.4,0.08,4.7,362,77,male
morrison,0,4.4,0.22,3.3,265,67,female
morrison,4,5.9,0.29,4.4,383,77,male
morrison,3,8,0.41,3.6,252,66,female
morrison,2,6.8,0.49,3.3,275,68,female
morrison,1,0.9,0.04,2.8,92,52,male
morrison,4,5.9,0.29,4.4,383,77,male
morrison,1,1.3,0.02,3,131,53,female
morrison,4,5.9,0.29,4.4,383,77,male
morrison,1,0.8,0.04,2.6,65,47,female
morrison,2,6.8,0.49,3.3,275,68,female
morrison,4,5.9,0.29,4.4,383,77,male
morrison,4,5.9,0.29,4.4,383,77,male
morrison,4,13.6,0.87,4.9,458,80,male
morrison,2,6.8,0.49,3.3,275,68,female
morrison,1,1.3,0.02,3,131,53,female
morrison,2,6.8,0.49,3.3,275,68,female
morrison,1,13.2,0.84,3.9,274,72,female
morrison,1,1.3,0.02,3,131,53,female
morrison,2,6.8,0.49,3.3,275,68,female
morrison,4,13.6,0.87,4.9,458,80,male
morrison,2,2.3,0.03,3.1,180,60,female
morrison,1,1.3,0.02,3,131,53,female
morrison,0,11.1,0.64,3.3,273,68,female
morrison,4,13.6,0.87,4.9,458,80,male
morrison,2,2.3,0.03,3.1,180,60,female
morrison,4,13.6,0.87,4.9,458,80,male
morrison,1,1.3,0.02,3,131,53,female
morrison,2,5.4,0.37,3.5,394,75,male
morrison,4,15.1,0.86,3.7,387,73,male
morrison,2,2.3,0.03,3.1,180,60,female
morrison,2,2.3,0.03,3.1,180,60,female
morrison,2,5.4,0.37,3.5,394,75,male
morrison,0,0.4,0.01,2,13,47,male
morrison,4,13.6,0.87,4.9,458,80,male
morrison,1,10.4,0.72,4,280,70,female
morrison,2,5.4,0.37,3.5,394,75,male
morrison,2,2.3,0.03,3.1,180,60,female
morrison,2,5.4,0.37,3.5,394,75,male
morrison,4,14,0.88,4.7,299,73,male
morrison,1,10.4,0.72,4,280,70,female
morrison,2,3.4,0.08,4.7,362,77,male
morrison,1,10.4,0.72,4,280,70,female
morrison,0,7.5,0.44,3.6,278,69,female
morrison,1,10.4,0.72,4,280,70,female
morrison,2,3.4,0.08,4.7,362,77,male
morrison,0,4.4,0.22,3.3,265,67,female
morrison,2,5.4,0.37,3.5,394,75,male
morrison,2,3.4,0.08,4.7,362,77,male
morrison,1,10.4,0.72,4,280,70,female
morrison,2,3.4,0.08,4.7,362,77,male
morrison,3,8,0.41,3.6,252,66,female
morrison,0,4.4,0.22,3.3,265,67,female
morrison,4,13.8,0.89,3.2,251,70,female
morrison,0,4.4,0.22,3.3,265,67,female
morrison,0,4.4,0.22,3.3,265,67,female
morrison,0,8.6,0.6,3.6,263,71,female
morrison,3,8,0.41,3.6,252,66,female
morrison,2,3.4,0.08,4.7,362,77,male
morrison,1,0.9,0.04,2.8,92,52,male
morrison,3,8,0.41,3.6,252,66,female
morrison,4,4,0.2,4.3,382,81,male
morrison,1,0.9,0.04,2.8,92,52,male
morrison,1,0.9,0.04,2.8,92,52,male
morrison,3,8,0.41,3.6,252,66,female
morrison,1,0.8,0.04,2.6,65,47,female
morrison,0,4.4,0.22,3.3,265,67,female
morrison,1,0.8,0.04,2.6,65,47,female
morrison,1,13.2,0.84,3.9,274,72,female
morrison,3,8,0.41,3.6,252,66,female
morrison,1,0.8,0.04,2.6,65,47,female
morrison,1,0.9,0.04,2.8,92,52,male
gordon,4,4.1,0.14,4.7,306,76,male
gordon,4,5.8,0.33,4.6,358,75,male
gordon,3,2.9,0.08,3.5,203,64,male
gordon,1,0.8,0.04,2.6,65,47,female
gordon,3,14.8,0.82,3.5,266,68,female
gordon,2,2.3,0.03,3.1,180,60,female
gordon,3,6.8,0.35,4.3,389,76,male
gordon,1,2.3,0.04,4.9,325,72,male
gordon,2,11.7,0.76,3.6,260,69,female
gordon,4,4.1,0.14,4.7,306,76,male
gordon,4,9.1,0.6,3.8,376,74,male
gordon,4,5.8,0.33,4.6,358,75,male
gordon,5,14.7,0.87,4.3,403,80,male
gordon,3,2.9,0.08,3.5,203,64,male
gordon,2,3.8,0.15,3.8,356,73,male
gordon,1,0.8,0.04,2.6,65,47,female
gordon,5,18.6,1,5,400,77,male
gordon,3,14.8,0.82,3.5,266,68,female
gordon,0,4.1,0.18,3.5,259,70,female
gordon,2,2.3,0.03,3.1,180,60,female
gordon,1,7.2,0.28,3.3,239,65,female
gordon,3,6.8,0.35,4.3,389,76,male
gordon,1,0.8,0.02,2.8,122,55,male
gordon,1,2.3,0.04,4.9,325,72,male
gordon,1,9.4,0.44,4.8,370,78,male
gordon,2,11.7,0.76,3.6,260,69,female
gordon,0,2.6,0.17,4.3,413,78,male
gordon,4,9.1,0.6,3.8,376,74,male
gordon,4,4.1,0.14,4.7,306,76,male
gordon,0,1.1,0.01,2.7,30,51,female
gordon,4,4.1,0.14,4.7,306,76,male
gordon,5,14.7,0.87,4.3,403,80,male
gordon,4,5.8,0.33,4.6,358,75,male
gordon,0,8.6,0.6,3.6,263,71,female
gordon,4,5.8,0.33,4.6,358,75,male
gordon,2,3.8,0.15,3.8,356,73,male
gordon,3,2.9,0.08,3.5,203,64,male
gordon,0,3.6,0.01,3.6,269,68,female
gordon,3,2.9,0.08,3.5,203,64,male
gordon,5,18.6,1,5,400,77,male
gordon,1,0.8,0.04,2.6,65,47,female
gordon,3,5,0.07,4.4,347,76,male
gordon,1,0.8,0.04,2.6,65,47,female
gordon,0,4.1,0.18,3.5,259,70,female
gordon,3,14.8,0.82,3.5,266,68,female
gordon,0,1.2,0.06,2.8,155,53,female
gordon,3,14.8,0.82,3.5,266,68,female
gordon,2,2.3,0.03,3.1,180,60,female
gordon,1,7.2,0.28,3.3,239,65,female
gordon,2,2.3,0.03,3.1,180,60,female
gordon,0,18,0.99,3.6,271,68,female
gordon,3,6.8,0.35,4.3,389,76,male
gordon,1,0.8,0.02,2.8,122,55,male
gordon,3,6.8,0.35,4.3,389,76,male
gordon,1,2.3,0.04,4.9,325,72,male
gordon,1,9.4,0.44,4.8,370,78,male
steen,3,3.5,0.15,3.7,304,69,male
steen,5,3.2,0.02,4.9,460,85,male
steen,4,3.5,0.27,3.9,320,80,male
steen,4,18.4,0.99,5,440,78,male
steen,4,5.9,0.41,3.7,263,69,female
steen,0,4.6,0.3,3.7,266,70,female
steen,1,7.2,0.28,3.3,239,65,female
steen,4,14,0.88,4.7,299,73,male
steen,4,5.8,0.33,4.6,358,75,male
steen,2,8.5,0.51,3.5,260,69,female
steen,2,5.4,0.37,3.5,394,75,male
steen,3,8,0.41,3.6,252,66,female
steen,2,10.5,0.68,3.3,257,70,female
steen,4,15.1,0.86,3.7,387,73,male
steen,1,9.6,0.69,3.5,268,68,female
steen,0,4.1,0.18,3.5,259,70,female
steen,2,4,0.2,4.1,279,70,male
steen,3,8.1,0.44,3,253,69,female
steen,0,9.3,0.61,3.4,233,66,female
steen,2,10.9,0.6,3.6,259,66,female
steen,1,13.2,0.83,3.9,280,69,female
steen,3,3.5,0.15,3.7,304,69,male
steen,3,5,0.07,4.4,347,76,male
steen,5,3.2,0.02,4.9,460,85,male
steen,5,6.4,0.33,3.8,333,75,male
steen,4,3.5,0.27,3.9,320,80,male
steen,2,11.7,0.76,3.6,260,69,female
steen,4,18.4,0.99,5,440,78,male
steen,1,3.5,0.02,3.7,271,67,female
steen,4,5.9,0.41,3.7,263,69,female
steen,0,8.6,0.6,3.6,263,71,female
steen,0,4.6,0.3,3.7,266,70,female
steen,4,13.6,0.87,4.9,458,80,male
steen,1,7.2,0.28,3.3,239,65,female
steen,1,9.3,0.62,3.4,261,69,female
steen,4,14,0.88,4.7,299,73,male
steen,0,2.6,0.17,4.3,413,78,male
steen,4,5.8,0.33,4.6,358,75,male
steen,1,0.8,0.02,2.8,122,55,male
steen,2,8.5,0.51,3.5,260,69,female
steen,0,1.7,0.01,2.8,222,58,female
steen,2,5.4,0.37,3.5,394,75,male
steen,0,4.3,0.17,3.9,278,69,female
steen,3,8,0.41,3.6,252,66,female
steen,1,15.1,0.94,3.9,287,70,female
steen,2,10.5,0.68,3.3,257,70,female
steen,3,5.4,0.19,3.8,265,68,female
steen,4,15.1,0.86,3.7,387,73,male
steen,3,2.9,0.08,3.5,203,64,male
steen,1,9.6,0.69,3.5,268,68,female
steen,0,1.7,0.04,2.9,153,52,female
steen,0,4.1,0.18,3.5,259,70,female
steen,3,3.1,0.16,3.7,270,70,female
steen,2,4,0.2,4.1,279,70,male
steen,3,3.3,0.23,3.6,257,68,female
steen,3,8.1,0.44,3,253,69,female
steen,4,9.1,0.6,3.8,376,74,male
steen,0,9.3,0.61,3.4,233,66,female
steen,2,6.8,0.49,3.3,275,68,female
steen,2,10.9,0.6,3.6,259,66,female
steen,4,11.6,0.75,3.2,267,70,female
steen,1,13.2,0.83,3.9,280,69,female
steen,4,6.1,0.21,4.1,358,78,male
steen,3,5,0.07,4.4,347,76,male
steen,0,8.6,0.66,3.9,341,75,male
steen,5,6.4,0.33,3.8,333,75,male
steen,2,3.8,0.15,3.8,356,73,male
steen,2,11.7,0.76,3.6,260,69,female
steen,0,6.7,0.43,3.7,309,75,male
steen,1,3.5,0.02,3.7,271,67,female
steen,0,0.4,0.01,2,13,47,male
steen,0,8.6,0.6,3.6,263,71,female
steen,1,3.7,0.1,3.5,253,65,female
steen,4,13.6,0.87,4.9,458,80,male
steen,0,1.2,0.05,2.8,93,47,male
steen,1,9.3,0.62,3.4,261,69,female
steen,0,1.6,0.08,2.9,95,56,male
steen,0,2.6,0.17,4.3,413,78,male
steen,0,14.7,0.9,3.4,265,68,female
steen,1,0.8,0.02,2.8,122,55,male
steen,5,7.5,0.38,4.5,383,78,male
steen,0,1.7,0.01,2.8,222,58,female
steen,0,7.5,0.44,3.6,278,69,female
steen,0,4.3,0.17,3.9,278,69,female
steen,0,3.6,0.01,3.6,269,68,female
steen,1,15.1,0.94,3.9,287,70,female
brase,3,5.4,0.19,3.8,265,68,female
brase,3,5.4,0.19,3.8,265,68,female
brase,4,14,0.88,4.7,299,73,male
brase,4,14,0.88,4.7,299,73,male
brase,3,5.4,0.19,3.8,265,68,female
brase,1,9.4,0.44,4.8,370,78,male
brase,1,9.4,0.44,4.8,370,78,male
brase,4,14,0.88,4.7,299,73,male
brase,3,5.4,0.19,3.8,265,68,female
brase,1,11.7,0.75,3.5,269,70,female
brase,1,11.7,0.75,3.5,269,70,female
brase,3,5.4,0.19,3.8,265,68,female
brase,1,9.4,0.44,4.8,370,78,male
brase,4,14,0.88,4.7,299,73,male
brase,2,2.3,0.03,3.1,180,60,female
brase,4,14,0.88,4.7,299,73,male
brase,2,2.3,0.03,3.1,180,60,female
brase,1,11.7,0.75,3.5,269,70,female
brase,1,9.4,0.44,4.8,370,78,male
brase,2,5.4,0.37,3.5,394,75,male
brase,1,9.4,0.44,4.8,370,78,male
brase,2,5.4,0.37,3.5,394,75,male
brase,2,2.3,0.03,3.1,180,60,female
brase,1,11.7,0.75,3.5,269,70,female
brase,5,7.5,0.38,4.5,383,78,male
brase,1,11.7,0.75,3.5,269,70,female
brase,5,7.5,0.38,4.5,383,78,male
brase,2,5.4,0.37,3.5,394,75,male
brase,2,2.3,0.03,3.1,180,60,female
brase,4,5.9,0.29,4.4,383,77,male
brase,4,5.9,0.29,4.4,383,77,male
brase,5,7.5,0.38,4.5,383,78,male
brase,2,2.3,0.03,3.1,180,60,female
brase,3,5.4,0.19,3.8,265,68,female
brase,0,1.1,0.01,2.7,30,51,female
brase,2,5.4,0.37,3.5,394,75,male
brase,0,1.1,0.01,2.7,30,51,female
brase,4,5.9,0.29,4.4,383,77,male
brase,4,14,0.88,4.7,299,73,male
brase,2,5.4,0.37,3.5,394,75,male
brase,5,7.5,0.38,4.5,383,78,male
brase,5,4.3,0.16,3.7,354,77,male
brase,5,4.3,0.16,3.7,354,77,male
brase,0,1.1,0.01,2.7,30,51,female
brase,5,7.5,0.38,4.5,383,78,male
brase,1,9.4,0.44,4.8,370,78,male
brase,3,9.6,0.58,4.5,352,72,male
brase,4,5.9,0.29,4.4,383,77,male
brase,3,9.6,0.58,4.5,352,72,male
brase,5,4.3,0.16,3.7,354,77,male
brase,1,11.7,0.75,3.5,269,70,female
brase,0,11.1,0.64,3.3,273,68,female
brase,0,1.1,0.01,2.7,30,51,female
brase,4,5.9,0.29,4.4,383,77,male
brase,0,11.1,0.64,3.3,273,68,female
brase,3,9.6,0.58,4.5,352,72,male
brase,2,2.3,0.03,3.1,180,60,female
brase,5,4.3,0.16,3.7,354,77,male
brase,0,4.6,0.3,3.7,266,70,female
brase,0,1.1,0.01,2.7,30,51,female
brase,0,11.1,0.64,3.3,273,68,female
brase,0,4.6,0.3,3.7,266,70,female
brase,2,5.4,0.37,3.5,394,75,male
brase,3,9.6,0.58,4.5,352,72,male
fox,5,4.6,0.16,5.3,418,77,male
fox,2,5.4,0.37,3.5,394,75,male
fox,5,10.2,0.49,4.1,270,70,male
fox,1,13.2,0.84,3.9,274,72,female
fox,5,4.6,0.16,5.3,418,77,male
fox,1,5.3,0.35,3.3,263,69,female
fox,2,5.4,0.37,3.5,394,75,male
fox,2,2.3,0.03,3.1,180,60,female
fox,5,10.2,0.49,4.1,270,70,male
fox,5,7.5,0.38,4.5,383,78,male
fox,1,13.2,0.84,3.9,274,72,female
fox,0,1.1,0.01,2.7,30,51,female
fox,1,5.3,0.35,3.3,263,69,female
fox,3,14.8,0.82,3.5,266,68,female
fox,2,2.3,0.03,3.1,180,60,female
fox,3,3.3,0.23,3.6,257,68,female
fox,5,7.5,0.38,4.5,383,78,male
brandon,3,8.1,0.44,3,253,69,female
brandon,4,3.7,0.15,3.8,294,72,male
brandon,2,4,0.2,4.1,279,70,male
brandon,1,11.7,0.75,3.5,269,70,female
brandon,4,5.9,0.41,3.7,263,69,female
brandon,0,1.7,0.01,2.8,222,58,female
brandon,1,17.7,0.94,3.5,271,70,female
brandon,4,15.1,0.86,3.7,387,73,male
brandon,5,11.1,0.67,3.6,369,73,male
brandon,1,16.7,0.95,4,348,73,male
brandon,0,4.4,0.22,3.3,265,67,female
brandon,0,2.6,0.17,4.3,413,78,male
witty,4,5.9,0.29,4.4,383,77,male
witty,1,8.3,0.42,4,286,71,female
witty,1,13.2,0.83,3.9,280,69,female
witty,4,5.9,0.29,4.4,383,77,male
witty,0,8.3,0.61,4,259,70,female
witty,3,5.4,0.19,3.8,265,68,female
witty,1,8.3,0.42,4,286,71,female
witty,1,13.2,0.83,3.9,280,69,female
witty,2,3.4,0.08,4.7,362,77,male
witty,0,8.3,0.61,4,259,70,female
witty,4,3.5,0.27,3.9,320,80,male
witty,3,5.4,0.19,3.8,265,68,female
witty,3,6.5,0.22,3.7,269,68,female
witty,2,3.4,0.08,4.7,362,77,male
witty,3,2.9,0.08,3.5,203,64,male
witty,4,3.5,0.27,3.9,320,80,male
witty,3,6.8,0.35,4.3,389,76,male
witty,3,6.5,0.22,3.7,269,68,female
witty,3,3.1,0.16,3.7,270,70,female
witty,3,2.9,0.08,3.5,203,64,male
witty,1,9.3,0.62,3.4,261,69,female
witty,3,6.8,0.35,4.3,389,76,male
witty,4,9.1,0.6,3.8,376,74,male
witty,3,3.1,0.16,3.7,270,70,female
witty,1,1.3,0.02,3,131,53,female
witty,1,9.3,0.62,3.4,261,69,female
witty,2,6.1,0.23,3.4,264,69,female
witty,4,9.1,0.6,3.8,376,74,male
witty,0,1.7,0.01,2.8,222,58,female
witty,1,1.3,0.02,3,131,53,female
witty,4,5.9,0.37,4.6,424,78,male
witty,2,6.1,0.23,3.4,264,69,female
witty,0,7.5,0.44,3.6,278,69,female
witty,0,1.7,0.01,2.8,222,58,female
witty,4,13.8,0.89,3.2,251,70,female
witty,4,5.9,0.37,4.6,424,78,male
witty,5,3.2,0.02,4.9,460,85,male
witty,0,7.5,0.44,3.6,278,69,female
witty,1,15.1,0.94,3.9,287,70,female
witty,4,13.8,0.89,3.2,251,70,female
witty,3,3.3,0.23,3.6,257,68,female
witty,5,3.2,0.02,4.9,460,85,male
witty,2,6.8,0.49,3.3,275,68,female
witty,1,15.1,0.94,3.9,287,70,female
witty,3,14.8,0.82,3.5,266,68,female
witty,3,3.3,0.23,3.6,257,68,female
witty,3,5,0.07,4.4,347,76,male
witty,2,6.8,0.49,3.3,275,68,female
witty,0,4.1,0.18,3.5,259,70,female
witty,3,14.8,0.82,3.5,266,68,female
witty,4,15.1,0.86,3.7,387,73,male
witty,3,5,0.07,4.4,347,76,male
witty,5,12.3,0.82,3.5,234,66,female
witty,0,4.1,0.18,3.5,259,70,female
witty,1,1.4,0.06,2.8,118,52,male
witty,4,15.1,0.86,3.7,387,73,male
witty,0,4.4,0.22,3.3,265,67,female
witty,5,12.3,0.82,3.5,234,66,female
witty,2,11.7,0.76,3.6,260,69,female
witty,1,1.4,0.06,2.8,118,52,male
witty,1,17.7,0.94,3.5,271,70,female
witty,0,4.4,0.22,3.3,265,67,female
witty,0,17.3,0.98,3.4,269,69,female
witty,2,11.7,0.76,3.6,260,69,female
witty,5,4.3,0.16,3.7,354,77,male
witty,1,17.7,0.94,3.5,271,70,female
witty,0,17.3,0.98,3.4,269,69,female
witty,3,3.5,0.15,3.7,304,69,male
witty,5,4.3,0.16,3.7,354,77,male
witty,0,1.7,0.04,2.9,153,52,female
witty,3,3.5,0.15,3.7,304,69,male
witty,1,9.6,0.69,3.5,268,68,female
witty,0,9.3,0.61,3.4,233,66,female
witty,0,1.7,0.04,2.9,153,52,female
witty,2,5.4,0.37,3.5,394,75,male
witty,1,9.6,0.69,3.5,268,68,female
witty,1,6,0.06,3.3,260,67,female
witty,0,9.3,0.61,3.4,233,66,female
witty,5,18.6,1,5,400,77,male
witty,2,5.4,0.37,3.5,394,75,male
witty,4,14,0.88,4.7,299,73,male
witty,1,6,0.06,3.3,260,67,female
witty,1,1.9,0.04,3.5,271,69,female
witty,5,18.6,1,5,400,77,male
witty,0,2.6,0.17,4.3,413,78,male
witty,4,14,0.88,4.7,299,73,male
witty,5,7.2,0.45,4.7,347,72,male
witty,1,1.9,0.04,3.5,271,69,female
witty,5,4.6,0.16,5.3,418,77,male
witty,0,2.6,0.17,4.3,413,78,male
witty,0,11.1,0.64,3.3,273,68,female
witty,5,7.2,0.45,4.7,347,72,male
witty,0,18,0.99,3.6,271,68,female
witty,5,4.6,0.16,5.3,418,77,male
witty,2,3.8,0.15,3.8,356,73,male
witty,0,11.1,0.64,3.3,273,68,female
witty,0,3.6,0.01,3.6,269,68,female
witty,0,18,0.99,3.6,271,68,female
witty,1,11.7,0.75,3.5,269,70,female
witty,2,3.8,0.15,3.8,356,73,male
witty,2,10.9,0.6,3.6,259,66,female
witty,0,3.6,0.01,3.6,269,68,female
witty,1,5,0.25,3.7,269,66,female
witty,1,11.7,0.75,3.5,269,70,female
witty,0,0.3,0,2.2,22,44,female
witty,2,10.9,0.6,3.6,259,66,female
witty,5,15.3,0.9,3.6,267,66,female
witty,1,5,0.25,3.7,269,66,female
witty,1,5.3,0.35,3.3,263,69,female
witty,0,0.3,0,2.2,22,44,female
witty,1,7.2,0.28,3.3,239,65,female
witty,5,15.3,0.9,3.6,267,66,female
solseng,2,2.3,0.03,3.1,180,60,female
solseng,5,10.3,0.75,4,309,70,male
solseng,1,10.4,0.72,4,280,70,female
solseng,0,2.6,0.17,4.3,413,78,male
solseng,0,14.7,0.9,3.4,265,68,female
solseng,1,5.3,0.35,3.3,263,69,female
solseng,2,3.8,0.15,3.8,356,73,male
solseng,4,4,0.2,4.3,382,81,male
solseng,2,8.5,0.51,3.5,260,69,female
solseng,1,17.7,0.94,3.5,271,70,female
solseng,1,11.7,0.75,3.5,269,70,female
solseng,1,7.2,0.28,3.3,239,65,female
solseng,2,2.3,0.03,3.1,180,60,female
solseng,0,17.3,0.98,3.4,269,69,female
solseng,5,10.3,0.75,4,309,70,male
solseng,3,3.3,0.23,3.6,257,68,female
solseng,1,10.4,0.72,4,280,70,female
solseng,5,4.3,0.16,3.7,354,77,male
solseng,0,2.6,0.17,4.3,413,78,male
solseng,3,3.5,0.15,3.7,304,69,male
solseng,0,14.7,0.9,3.4,265,68,female
solseng,0,4.1,0.18,3.5,259,70,female
solseng,1,5.3,0.35,3.3,263,69,female
solseng,5,11.1,0.67,3.6,369,73,male
solseng,4,11.6,0.75,3.2,267,70,female
solseng,2,3.8,0.15,3.8,356,73,male
solseng,0,6.7,0.43,3.7,309,75,male
solseng,4,4,0.2,4.3,382,81,male
solseng,1,6,0.06,3.3,260,67,female
solseng,2,8.5,0.51,3.5,260,69,female
solseng,0,0.4,0.01,2,13,47,male
solseng,1,17.7,0.94,3.5,271,70,female
stewart,0,7,0.39,3.4,257,66,female
stewart,3,6.5,0.22,3.7,269,68,female
stewart,3,2.9,0.08,3.5,203,64,male
stewart,2,6.1,0.23,3.4,264,69,female
stewart,0,3.6,0.01,3.6,269,68,female
stewart,1,9.4,0.44,4.8,370,78,male
stewart,4,5.9,0.41,3.7,263,69,female
stewart,1,6.9,0.37,3.3,263,69,female
stewart,2,11.7,0.76,3.6,260,69,female
pellegrino,5,15.3,0.9,3.6,267,66,female
stewart,3,3.5,0.15,3.7,304,69,male
pellegrino,3,3.1,0.01,4.5,395,80,male
stewart,3,3.1,0.16,3.7,270,70,female
pellegrino,1,5.3,0.35,3.3,263,69,female
stewart,2,2.3,0.03,3.1,180,60,female
pellegrino,0,0.4,0.01,2,13,47,male
stewart,0,0.4,0.01,2,13,47,male
pellegrino,1,11.7,0.75,3.5,269,70,female
stewart,2,6.8,0.49,3.3,275,68,female
pellegrino,5,15.3,0.9,3.6,267,66,female
pellegrino,3,6.5,0.22,3.7,269,68,female
stewart,4,3.7,0.15,3.8,294,72,male
pellegrino,3,3.1,0.01,4.5,395,80,male
pellegrino,3,3.5,0.15,3.7,304,69,male
stewart,4,5.9,0.37,4.6,424,78,male
pellegrino,5,15.3,0.9,3.6,267,66,female
pellegrino,5,15.3,0.9,3.6,267,66,female
pellegrino,3,7.6,0.35,4.2,360,74,male
pellegrino,1,5.3,0.35,3.3,263,69,female
stewart,3,3.3,0.23,3.6,257,68,female
pellegrino,3,3.1,0.01,4.5,395,80,male
pellegrino,5,15.3,0.9,3.6,267,66,female
pellegrino,3,3.1,0.01,4.5,395,80,male
pellegrino,1,16.7,0.95,4,348,73,male
stewart,0,8.6,0.6,3.6,263,71,female
pellegrino,0,0.4,0.01,2,13,47,male
stewart,0,7,0.39,3.4,257,66,female
pellegrino,1,5.3,0.35,3.3,263,69,female
pellegrino,3,3.1,0.01,4.5,395,80,male
pellegrino,1,5.3,0.35,3.3,263,69,female
pellegrino,4,3.7,0.15,3.8,294,72,male
stewart,1,1.3,0.02,3,131,53,female
pellegrino,1,11.7,0.75,3.5,269,70,female
stewart,3,6.5,0.22,3.7,269,68,female
pellegrino,0,0.4,0.01,2,13,47,male
pellegrino,1,5.3,0.35,3.3,263,69,female
stewart,0,7,0.39,3.4,257,66,female
pellegrino,0,8.3,0.61,4,259,70,female
pellegrino,0,0.4,0.01,2,13,47,male
stewart,0,7,0.39,3.4,257,66,female
stewart,0,8.1,0.47,3.6,275,68,female
pellegrino,3,6.5,0.22,3.7,269,68,female
pellegrino,1,11.7,0.75,3.5,269,70,female
stewart,3,2.9,0.08,3.5,203,64,male
pellegrino,0,0.4,0.01,2,13,47,male
stewart,3,6.5,0.22,3.7,269,68,female
stewart,0,7,0.39,3.4,257,66,female
stewart,3,6.5,0.22,3.7,269,68,female
stewart,5,11.1,0.67,3.6,369,73,male
stewart,2,6.1,0.23,3.4,264,69,female
pellegrino,5,15.3,0.9,3.6,267,66,female
stewart,3,2.9,0.08,3.5,203,64,male
pellegrino,1,0.9,0.04,2.8,92,52,male
stewart,3,2.9,0.08,3.5,203,64,male
pellegrino,1,11.7,0.75,3.5,269,70,female
pellegrino,3,3.5,0.15,3.7,304,69,male
pellegrino,1,11.7,0.75,3.5,269,70,female
stewart,3,6.5,0.22,3.7,269,68,female
pellegrino,3,6.5,0.22,3.7,269,68,female
stewart,3,8.1,0.44,3,253,69,female
stewart,0,3.6,0.01,3.6,269,68,female
stewart,2,6.1,0.23,3.4,264,69,female
stewart,2,6.1,0.23,3.4,264,69,female
stewart,0,6.7,0.43,3.7,309,75,male
stewart,3,2.9,0.08,3.5,203,64,male
stewart,1,9.4,0.44,4.8,370,78,male
stewart,0,3.6,0.01,3.6,269,68,female
pellegrino,5,7.2,0.45,4.7,347,72,male
pellegrino,3,6.5,0.22,3.7,269,68,female
stewart,0,3.6,0.01,3.6,269,68,female
pellegrino,3,3.1,0.01,4.5,395,80,male
pellegrino,3,3.5,0.15,3.7,304,69,male
pellegrino,3,6.5,0.22,3.7,269,68,female
stewart,4,5.9,0.41,3.7,263,69,female
pellegrino,3,7.6,0.35,4.2,360,74,male
stewart,4,9.9,0.56,4.5,371,78,male
stewart,2,6.1,0.23,3.4,264,69,female
stewart,1,9.4,0.44,4.8,370,78,male
stewart,1,9.4,0.44,4.8,370,78,male
pellegrino,2,10.5,0.68,3.3,257,70,female
stewart,0,3.6,0.01,3.6,269,68,female
stewart,1,5,0.25,3.7,269,66,female
stewart,1,6.9,0.37,3.3,263,69,female
stewart,4,5.9,0.41,3.7,263,69,female
pellegrino,1,5.3,0.35,3.3,263,69,female
pellegrino,3,3.5,0.15,3.7,304,69,male
pellegrino,3,7.6,0.35,4.2,360,74,male
pellegrino,1,16.7,0.95,4,348,73,male
pellegrino,3,3.5,0.15,3.7,304,69,male
stewart,4,5.9,0.41,3.7,263,69,female
stewart,1,9.4,0.44,4.8,370,78,male
stewart,0,14.7,0.9,3.4,265,68,female
pellegrino,0,18,0.99,3.6,271,68,female
stewart,2,11.7,0.76,3.6,260,69,female
stewart,1,6.9,0.37,3.3,263,69,female
pellegrino,3,7.6,0.35,4.2,360,74,male
pellegrino,1,16.7,0.95,4,348,73,male
pellegrino,3,7.6,0.35,4.2,360,74,male
pellegrino,0,0.4,0.01,2,13,47,male
stewart,1,6.9,0.37,3.3,263,69,female
pellegrino,4,3.7,0.15,3.8,294,72,male
stewart,4,5.9,0.41,3.7,263,69,female
stewart,5,3.2,0.02,4.9,460,85,male
stewart,3,3.5,0.15,3.7,304,69,male
stewart,2,11.7,0.76,3.6,260,69,female
stewart,2,11.7,0.76,3.6,260,69,female
stewart,3,14.8,0.82,3.5,266,68,female
stewart,1,6.9,0.37,3.3,263,69,female
stewart,3,3.5,0.15,3.7,304,69,male
stewart,3,3.1,0.16,3.7,270,70,female
stewart,3,3.5,0.15,3.7,304,69,male
stewart,0,18,0.99,3.6,271,68,female
stewart,2,11.7,0.76,3.6,260,69,female
stewart,3,3.1,0.16,3.7,270,70,female
stewart,2,2.3,0.03,3.1,180,60,female
stewart,3,3.1,0.16,3.7,270,70,female
stewart,3,8,0.41,3.6,252,66,female
stewart,3,3.5,0.15,3.7,304,69,male
stewart,0,0.4,0.01,2,13,47,male
stewart,2,2.3,0.03,3.1,180,60,female
stewart,2,2.3,0.03,3.1,180,60,female
stewart,1,7.2,0.28,3.3,239,65,female
stewart,3,3.1,0.16,3.7,270,70,female
stewart,2,6.8,0.49,3.3,275,68,female
stewart,0,0.4,0.01,2,13,47,male
stewart,0,0.4,0.01,2,13,47,male
stewart,4,12,0.67,4.7,376,75,male
stewart,2,2.3,0.03,3.1,180,60,female
stewart,4,3.7,0.15,3.8,294,72,male
stewart,2,6.8,0.49,3.3,275,68,female
stewart,2,6.8,0.49,3.3,275,68,female
stewart,1,6,0.06,3.3,260,67,female
stewart,0,0.4,0.01,2,13,47,male
stewart,0,7,0.39,3.4,257,66,female
stewart,4,5.9,0.37,4.6,424,78,male
stewart,4,3.7,0.15,3.8,294,72,male
stewart,4,3.7,0.15,3.8,294,72,male
stewart,3,2.1,0.01,3.3,148,55,male
stewart,3,6.5,0.22,3.7,269,68,female
stewart,3,3.3,0.23,3.6,257,68,female
stewart,2,6.8,0.49,3.3,275,68,female
stewart,4,5.9,0.37,4.6,424,78,male
stewart,4,5.9,0.37,4.6,424,78,male
stewart,0,7,0.39,3.4,257,66,female
stewart,4,7.4,0.56,4.1,359,77,male
stewart,0,8.6,0.6,3.6,263,71,female
stewart,3,2.9,0.08,3.5,203,64,male
stewart,0,7,0.39,3.4,257,66,female
stewart,3,3.3,0.23,3.6,257,68,female
stewart,0,7,0.39,3.4,257,66,female
stewart,4,3.7,0.15,3.8,294,72,male
stewart,0,7,0.39,3.4,257,66,female
stewart,3,6.5,0.22,3.7,269,68,female
stewart,3,3.3,0.23,3.6,257,68,female
stewart,0,7,0.39,3.4,257,66,female
stewart,4,18.4,0.99,5,440,78,male
stewart,0,7,0.39,3.4,257,66,female
stewart,3,6.5,0.22,3.7,269,68,female
stewart,0,8.6,0.6,3.6,263,71,female
stewart,3,6.5,0.22,3.7,269,68,female
stewart,3,6.5,0.22,3.7,269,68,female
stewart,1,1.3,0.02,3,131,53,female
stewart,4,5.9,0.37,4.6,424,78,male
stewart,3,2.9,0.08,3.5,203,64,male
stewart,3,6.5,0.22,3.7,269,68,female
stewart,2,6.1,0.23,3.4,264,69,female
stewart,0,8.6,0.6,3.6,263,71,female
fowler,3,6.9,0.42,3.3,263,71,female
fowler,0,4.4,0.22,3.3,265,67,female
fowler,1,0.8,0.02,2.8,122,55,male
fowler,0,9.4,0.76,4.7,342,74,male
fowler,5,11.1,0.67,3.6,369,73,male
fowler,3,8.1,0.44,3,253,69,female
fowler,0,4.3,0.17,3.9,278,69,female
fowler,0,2.6,0.01,4.3,349,80,male
fowler,0,1.6,0.08,2.9,95,56,male
fowler,3,6.9,0.42,3.3,263,71,female
fowler,1,7.2,0.28,3.3,239,65,female
fowler,0,4.4,0.22,3.3,265,67,female
fowler,3,3.1,0.16,3.7,270,70,female
fowler,4,6.1,0.21,4.1,358,78,male
fowler,1,0.8,0.02,2.8,122,55,male
fowler,3,6.9,0.42,3.3,263,71,female
fowler,0,9.4,0.76,4.7,342,74,male
fowler,0,17.3,0.98,3.4,269,69,female
fowler,0,4.4,0.22,3.3,265,67,female
fowler,5,11.1,0.67,3.6,369,73,male
fowler,2,3.4,0.08,4.7,362,77,male
fowler,1,0.8,0.02,2.8,122,55,male
fowler,1,16.7,0.95,4,348,73,male
fowler,0,9.4,0.76,4.7,342,74,male
fowler,3,8.1,0.44,3,253,69,female
fowler,3,2.1,0.01,3.3,148,55,male
fowler,5,11.1,0.67,3.6,369,73,male
fowler,0,4.3,0.17,3.9,278,69,female
goldby,1,9.4,0.44,4.8,370,78,male
goldby,3,7.6,0.35,4.2,360,74,male
goldby,2,10.9,0.6,3.6,259,66,female
goldby,2,3.4,0.08,4.7,362,77,male
goldby,1,9.4,0.44,4.8,370,78,male
goldby,5,4.6,0.16,5.3,418,77,male
goldby,3,7.6,0.35,4.2,360,74,male
goldby,1,13.2,0.84,3.9,274,72,female
goldby,2,10.9,0.6,3.6,259,66,female
goldby,3,6.5,0.22,3.7,269,68,female
goldby,2,3.4,0.08,4.7,362,77,male
goldby,1,9.4,0.44,4.8,370,78,male
goldby,1,10.9,0.75,3.9,285,72,female
goldby,5,4.6,0.16,5.3,418,77,male
goldby,3,7.6,0.35,4.2,360,74,male
goldby,5,12.3,0.82,3.5,234,66,female
goldby,1,13.2,0.84,3.9,274,72,female
goldby,2,10.9,0.6,3.6,259,66,female
goldby,0,2.6,0.01,4.3,349,80,male
goldby,1,9.4,0.44,4.8,370,78,male
goldby,3,6.5,0.22,3.7,269,68,female
goldby,2,3.4,0.08,4.7,362,77,male
goldby,1,5,0.25,3.7,269,66,female
goldby,3,7.6,0.35,4.2,360,74,male
goldby,1,10.9,0.75,3.9,285,72,female
goldby,5,4.6,0.16,5.3,418,77,male
goldby,0,18,0.99,3.6,271,68,female
goldby,2,10.9,0.6,3.6,259,66,female
goldby,5,12.3,0.82,3.5,234,66,female
goldby,1,13.2,0.84,3.9,274,72,female
goldby,2,10.5,0.68,3.3,257,70,female
goldby,2,3.4,0.08,4.7,362,77,male
goldby,0,2.6,0.01,4.3,349,80,male
goldby,3,6.5,0.22,3.7,269,68,female
goldby,3,8.1,0.44,3,253,69,female
goldby,5,4.6,0.16,5.3,418,77,male
goldby,1,10.9,0.75,3.9,285,72,female
goldby,1,5,0.25,3.7,269,66,female
goldby,1,9.4,0.44,4.8,370,78,male
goldby,1,9.4,0.44,4.8,370,78,male
goldby,1,10.4,0.72,4,280,70,female
goldby,1,13.2,0.84,3.9,274,72,female
goldby,5,12.3,0.82,3.5,234,66,female
goldby,1,9.4,0.44,4.8,370,78,male
goldby,1,9.4,0.44,4.8,370,78,male
goldby,0,18,0.99,3.6,271,68,female
goldby,1,9.4,0.44,4.8,370,78,male
goldby,3,7.6,0.35,4.2,360,74,male
goldby,1,9.4,0.44,4.8,370,78,male
goldby,1,9.4,0.44,4.8,370,78,male
goldby,3,3.1,0.01,4.5,395,80,male
goldby,3,7.6,0.35,4.2,360,74,male
goldby,2,3.4,0.08,4.7,362,77,male
goldby,3,7.6,0.35,4.2,360,74,male
goldby,3,7.6,0.35,4.2,360,74,male
goldby,3,6.5,0.22,3.7,269,68,female
goldby,3,7.6,0.35,4.2,360,74,male
goldby,1,9.4,0.44,4.8,370,78,male
goldby,3,7.6,0.35,4.2,360,74,male
goldby,3,7.6,0.35,4.2,360,74,male
goldby,3,6.5,0.22,3.7,269,68,female
goldby,2,10.5,0.68,3.3,257,70,female
goldby,1,9.4,0.44,4.8,370,78,male
goldby,1,9.4,0.44,4.8,370,78,male
goldby,3,7.6,0.35,4.2,360,74,male
goldby,2,10.9,0.6,3.6,259,66,female
goldby,1,5,0.25,3.7,269,66,female
goldby,2,10.9,0.6,3.6,259,66,female
goldby,2,10.9,0.6,3.6,259,66,female
goldby,2,10.9,0.6,3.6,259,66,female
goldby,3,7.6,0.35,4.2,360,74,male
goldby,2,10.9,0.6,3.6,259,66,female
goldby,2,10.9,0.6,3.6,259,66,female
goldby,0,4.6,0.3,3.7,266,70,female
goldby,5,4.6,0.16,5.3,418,77,male
goldby,1,10.9,0.75,3.9,285,72,female
goldby,2,3.4,0.08,4.7,362,77,male
goldby,2,3.4,0.08,4.7,362,77,male
goldby,2,3.4,0.08,4.7,362,77,male
goldby,2,10.9,0.6,3.6,259,66,female
goldby,2,10.9,0.6,3.6,259,66,female
goldby,0,18,0.99,3.6,271,68,female
goldby,5,12.3,0.82,3.5,234,66,female
goldby,2,3.4,0.08,4.7,362,77,male
goldby,3,7.6,0.35,4.2,360,74,male
goldby,2,3.4,0.08,4.7,362,77,male
goldby,1,10.9,0.75,3.9,285,72,female
goldby,2,3.4,0.08,4.7,362,77,male
goldby,3,8.1,0.44,3,253,69,female
goldby,3,7.6,0.35,4.2,360,74,male
goldby,5,4.6,0.16,5.3,418,77,male
goldby,1,10.9,0.75,3.9,285,72,female
goldby,1,13.2,0.84,3.9,274,72,female
goldby,2,3.4,0.08,4.7,362,77,male
goldby,2,3.4,0.08,4.7,362,77,male
goldby,2,10.9,0.6,3.6,259,66,female
goldby,3,6.5,0.22,3.7,269,68,female
goldby,1,6,0.06,3.3,260,67,female
goldby,5,12.3,0.82,3.5,234,66,female
goldby,1,13.2,0.84,3.9,274,72,female
goldby,1,10.4,0.72,4,280,70,female
goldby,1,13.2,0.84,3.9,274,72,female
goldby,5,4.6,0.16,5.3,418,77,male
goldby,0,18,0.99,3.6,271,68,female
goldby,2,10.9,0.6,3.6,259,66,female
goldby,0,18,0.99,3.6,271,68,female
goldby,3,6.5,0.22,3.7,269,68,female
goldby,5,12.3,0.82,3.5,234,66,female
goldby,2,10.9,0.6,3.6,259,66,female
goldby,1,13.2,0.84,3.9,274,72,female
goldby,1,13.2,0.84,3.9,274,72,female
goldby,1,10.4,0.72,4,280,70,female
goldby,5,12.3,0.82,3.5,234,66,female
goldby,0,2.6,0.01,4.3,349,80,male
goldby,1,9.4,0.44,4.8,370,78,male
goldby,1,13.2,0.84,3.9,274,72,female
goldby,5,12.3,0.82,3.5,234,66,female
goldby,1,1.4,0.06,2.8,118,52,male
goldby,5,4.6,0.16,5.3,418,77,male
goldby,5,4.6,0.16,5.3,418,77,male
goldby,5,12.3,0.82,3.5,234,66,female
goldby,2,10.5,0.68,3.3,257,70,female
goldby,1,13.2,0.84,3.9,274,72,female
goldby,2,10.5,0.68,3.3,257,70,female
goldby,1,9.4,0.44,4.8,370,78,male
goldby,3,6.5,0.22,3.7,269,68,female
goldby,0,2.6,0.01,4.3,349,80,male
goldby,0,18,0.99,3.6,271,68,female
goldby,1,1.9,0.04,3.5,271,69,female
goldby,0,2.6,0.01,4.3,349,80,male
goldby,1,13.2,0.84,3.9,274,72,female
goldby,0,2.6,0.01,4.3,349,80,male
goldby,2,10.9,0.6,3.6,259,66,female
goldby,3,6.5,0.22,3.7,269,68,female
goldby,3,3.1,0.01,4.5,395,80,male
goldby,1,10.9,0.75,3.9,285,72,female
goldby,1,9.4,0.44,4.8,370,78,male
goldby,0,18,0.99,3.6,271,68,female
goldby,5,4.6,0.16,5.3,418,77,male
goldby,1,5,0.25,3.7,269,66,female
gordon,1,4.2,0.11,3.6,272,67,female
gordon,0,3.6,0.01,3.6,269,68,female
gordon,1,13.2,0.84,3.9,274,72,female
gordon,0,1.6,0.08,2.9,95,56,male
gordon,2,8.5,0.51,3.5,260,69,female
gordon,1,1.4,0.06,2.8,118,52,male
gordon,1,1.9,0.04,3.5,271,69,female
gordon,4,18.4,0.99,5,440,78,male
gordon,1,11.7,0.75,3.5,269,70,female
gordon,1,10.4,0.72,4,280,70,female
gordon,2,10.9,0.6,3.6,259,66,female
gordon,4,6.1,0.21,4.1,358,78,male
gordon,5,3.2,0.02,4.9,460,85,male
gordon,2,5.4,0.37,3.5,394,75,male
gordon,5,18.6,1,5,400,77,male
sherbina,5,3.9,0.07,4.7,398,78,male
sherbina,0,1.7,0.04,2.9,153,52,female
sherbina,4,9.9,0.56,4.5,371,78,male
sherbina,2,6.1,0.23,3.4,264,69,female
sherbina,0,1.2,0.06,2.8,155,53,female
sherbina,1,13.2,0.83,3.9,280,69,female
sherbina,4,14,0.88,4.7,299,73,male
sherbina,3,14.8,0.82,3.5,266,68,female
sherbina,1,13.2,0.84,3.9,274,72,female
sherbina,0,2.6,0.17,4.3,413,78,male
sherbina,3,6.5,0.22,3.7,269,68,female
sherbina,0,18,0.99,3.6,271,68,female
sherbina,1,3.7,0.1,3.5,253,65,female
sherbina,2,7.5,0.55,4.3,426,80,male
sherbina,5,3.2,0.02,4.9,460,85,male
sherbina,0,4.1,0.18,3.5,259,70,female
sherbina,0,8.6,0.66,3.9,341,75,male
sherbina,1,7.2,0.28,3.3,239,65,female
sherbina,0,17.3,0.98,3.4,269,69,female
sherbina,2,6.8,0.49,3.3,275,68,female
sherbina,5,14.7,0.87,4.3,403,80,male
sherbina,3,3.1,0.16,3.7,270,70,female
sherbina,0,7.3,0.35,3.9,262,68,female
sherbina,2,11.7,0.76,3.6,260,69,female
sherbina,3,8,0.41,3.6,252,66,female
sherbina,5,10.2,0.49,4.1,270,70,male
sherbina,0,11.1,0.64,3.3,273,68,female
sherbina,0,3.6,0.01,3.6,269,68,female
sherbina,0,0.4,0.01,2,13,47,male
sherbina,1,5.3,0.35,3.3,263,69,female
Sean,4,11.6,0.75,3.2,267,70,female
Sean,1,7.2,0.28,3.3,239,65,female
Sean,4,4.1,0.14,4.7,306,76,male
Sean,2,3.4,0.08,4.7,362,77,male
Sean,3,8,0.41,3.6,252,66,female
Sean,1,11.7,0.75,3.5,269,70,female
Sean,2,7.5,0.55,4.3,426,80,male
Sean,4,15.1,0.86,3.7,387,73,male
Sean,2,3.8,0.15,3.8,356,73,male
Sean,4,3.5,0.27,3.9,320,80,male
Sean,5,18.6,1,5,400,77,male
Sean,0,7.5,0.44,3.6,278,69,female
Sean,3,7.6,0.35,4.2,360,74,male
Sean,0,3.6,0.01,3.6,269,68,female
Sean,1,6,0.06,3.3,260,67,female
Sean,3,6.8,0.35,4.3,389,76,male
Sean,1,8.3,0.42,4,286,71,female
Sean,1,0.8,0.04,2.6,65,47,female
Sean,0,1.2,0.06,2.8,155,53,female
Sean,0,9.3,0.61,3.4,233,66,female
Sean,0,4.1,0.18,3.5,259,70,female
Sean,3,8.1,0.44,3,253,69,female
Sean,0,4.6,0.3,3.7,266,70,female
Sean,4,5.8,0.33,4.6,358,75,male
Sean,1,15.1,0.94,3.9,287,70,female
Sean,0,8.3,0.61,4,259,70,female
Sean,0,1.2,0.05,2.8,93,47,male
Sean,4,13.8,0.89,3.2,251,70,female
Sean,2,2.3,0.03,3.1,180,60,female
Sean,4,13.6,0.87,4.9,458,80,male
brandon,5,10.3,0.75,4,309,70,male
brandon,1,15.1,0.94,3.9,287,70,female
brandon,2,10.9,0.6,3.6,259,66,female
brandon,0,8.6,0.66,3.9,341,75,male
brandon,3,6.5,0.22,3.7,269,68,female
brandon,1,1.9,0.04,3.5,271,69,female
brandon,1,13.2,0.84,3.9,274,72,female
brandon,3,6.9,0.42,3.3,263,71,female
fox,4,11.6,0.75,3.2,267,70,female
fox,1,2.9,0.07,3.8,303,69,female
fox,3,8,0.41,3.6,252,66,female
fox,3,17.2,0.99,4.8,350,76,male
fox,3,3.3,0.23,3.6,257,68,female
fox,0,11.1,0.64,3.3,273,68,female
fox,0,2.6,0.17,4.3,413,78,male
fox,2,7.5,0.55,4.3,426,80,male
fox,0,9.3,0.61,3.4,233,66,female
fox,3,6.8,0.35,4.3,389,76,male
fox,2,6.1,0.23,3.4,264,69,female
fox,4,11.6,0.75,3.2,267,70,female
fox,4,11.6,0.75,3.2,267,70,female
fox,2,11.7,0.76,3.6,260,69,female
fox,1,2.9,0.07,3.8,303,69,female
fox,4,11.6,0.75,3.2,267,70,female
fox,1,2.9,0.07,3.8,303,69,female
fox,3,2.1,0.01,3.3,148,55,male
fox,3,8,0.41,3.6,252,66,female
fox,1,2.9,0.07,3.8,303,69,female
fox,3,8,0.41,3.6,252,66,female
fox,4,5.9,0.37,4.6,424,78,male
fox,3,8,0.41,3.6,252,66,female
fox,3,17.2,0.99,4.8,350,76,male
fox,3,17.2,0.99,4.8,350,76,male
fox,4,9.9,0.56,4.5,371,78,male
fox,3,17.2,0.99,4.8,350,76,male
fox,3,3.3,0.23,3.6,257,68,female
fox,3,3.3,0.23,3.6,257,68,female
fox,1,10.9,0.75,3.9,285,72,female
fox,4,11.6,0.75,3.2,267,70,female
fox,4,11.6,0.75,3.2,267,70,female
fox,2,3.4,0.08,4.7,362,77,male
fox,0,11.1,0.64,3.3,273,68,female
fox,3,3.3,0.23,3.6,257,68,female
fox,0,11.1,0.64,3.3,273,68,female
fox,1,2.9,0.07,3.8,303,69,female
fox,1,2.9,0.07,3.8,303,69,female
fox,1,9.4,0.44,4.8,370,78,male
fox,0,11.1,0.64,3.3,273,68,female
fox,0,2.6,0.17,4.3,413,78,male
fox,3,8,0.41,3.6,252,66,female
fox,0,2.6,0.17,4.3,413,78,male
fox,3,8,0.41,3.6,252,66,female
fox,1,4.2,0.11,3.6,272,67,female
fox,2,7.5,0.55,4.3,426,80,male
fox,0,2.6,0.17,4.3,413,78,male
fox,3,17.2,0.99,4.8,350,76,male
fox,2,7.5,0.55,4.3,426,80,male
fox,0,7.5,0.44,3.6,278,69,female
fox,3,17.2,0.99,4.8,350,76,male
fox,0,9.3,0.61,3.4,233,66,female
fox,2,7.5,0.55,4.3,426,80,male
fox,3,3.3,0.23,3.6,257,68,female
fox,0,9.3,0.61,3.4,233,66,female
fox,4,6.1,0.21,4.1,358,78,male
fox,3,6.8,0.35,4.3,389,76,male
fox,3,3.3,0.23,3.6,257,68,female
fox,0,9.3,0.61,3.4,233,66,female
fox,0,11.1,0.64,3.3,273,68,female
fox,3,6.8,0.35,4.3,389,76,male
fox,5,18.6,1,5,400,77,male
fox,2,6.1,0.23,3.4,264,69,female
fox,3,6.8,0.35,4.3,389,76,male
fox,0,11.1,0.64,3.3,273,68,female
fox,0,2.6,0.17,4.3,413,78,male
fox,2,6.1,0.23,3.4,264,69,female
fox,0,4.4,0.22,3.3,265,67,female
fox,2,11.7,0.76,3.6,260,69,female
fox,2,6.1,0.23,3.4,264,69,female
fox,0,2.6,0.17,4.3,413,78,male
fox,2,7.5,0.55,4.3,426,80,male
fox,2,11.7,0.76,3.6,260,69,female
fox,3,2.1,0.01,3.3,148,55,male
fox,0,9.4,0.76,4.7,342,74,male
fox,2,11.7,0.76,3.6,260,69,female
fox,0,9.3,0.61,3.4,233,66,female
fox,2,7.5,0.55,4.3,426,80,male
fox,3,2.1,0.01,3.3,148,55,male
fox,4,5.9,0.37,4.6,424,78,male
fox,4,4.1,0.14,4.7,306,76,male
fox,3,2.1,0.01,3.3,148,55,male
fox,0,9.3,0.61,3.4,233,66,female
fox,3,6.8,0.35,4.3,389,76,male
fox,4,5.9,0.37,4.6,424,78,male
fox,3,6.8,0.35,4.3,389,76,male
fox,4,5.9,0.37,4.6,424,78,male
fox,4,9.9,0.56,4.5,371,78,male
fox,2,10.5,0.68,3.3,257,70,female
fox,2,6.1,0.23,3.4,264,69,female
fox,4,9.9,0.56,4.5,371,78,male
fox,2,6.1,0.23,3.4,264,69,female
fox,4,9.9,0.56,4.5,371,78,male
fox,2,11.7,0.76,3.6,260,69,female
fox,1,10.9,0.75,3.9,285,72,female
fox,1,6.9,0.37,3.3,263,69,female
fox,1,10.9,0.75,3.9,285,72,female
fox,2,11.7,0.76,3.6,260,69,female
fox,3,2.1,0.01,3.3,148,55,male
fox,2,3.4,0.08,4.7,362,77,male
fox,1,10.9,0.75,3.9,285,72,female
fox,3,6.5,0.22,3.7,269,68,female
fox,2,3.4,0.08,4.7,362,77,male
fox,3,2.1,0.01,3.3,148,55,male
fox,1,9.4,0.44,4.8,370,78,male
fox,4,5.9,0.37,4.6,424,78,male
fox,2,3.4,0.08,4.7,362,77,male
fox,5,6.4,0.33,3.8,333,75,male
fox,1,9.4,0.44,4.8,370,78,male
fox,4,5.9,0.37,4.6,424,78,male
fox,1,4.2,0.11,3.6,272,67,female
fox,4,9.9,0.56,4.5,371,78,male
fox,1,4.2,0.11,3.6,272,67,female
fox,1,9.4,0.44,4.8,370,78,male
fox,4,9.9,0.56,4.5,371,78,male
fox,0,4.6,0.3,3.7,266,70,female
fox,0,7.5,0.44,3.6,278,69,female
fox,1,10.9,0.75,3.9,285,72,female
fox,4,11.6,0.75,3.2,267,70,female
fox,1,4.2,0.11,3.6,272,67,female
fox,0,8.1,0.47,3.6,275,68,female
fox,0,7.5,0.44,3.6,278,69,female
fox,1,10.9,0.75,3.9,285,72,female
fox,4,11.6,0.75,3.2,267,70,female
fox,4,11.6,0.75,3.2,267,70,female
fox,4,6.1,0.21,4.1,358,78,male
fox,2,3.4,0.08,4.7,362,77,male
fox,1,2.9,0.07,3.8,303,69,female
fox,0,7.5,0.44,3.6,278,69,female
fox,5,11.1,0.67,3.6,369,73,male
fox,2,3.4,0.08,4.7,362,77,male
fox,4,6.1,0.21,4.1,358,78,male
fox,1,2.9,0.07,3.8,303,69,female
fox,3,8,0.41,3.6,252,66,female
fox,1,2.9,0.07,3.8,303,69,female
fox,5,18.6,1,5,400,77,male
fox,1,9.4,0.44,4.8,370,78,male
fox,4,6.1,0.21,4.1,358,78,male
fox,1,9.4,0.44,4.8,370,78,male
fox,5,18.6,1,5,400,77,male
fox,1,3.5,0.02,3.7,271,67,female
fox,3,17.2,0.99,4.8,350,76,male
fox,0,4.4,0.22,3.3,265,67,female
fox,3,8,0.41,3.6,252,66,female
fox,1,4.2,0.11,3.6,272,67,female
fox,3,8,0.41,3.6,252,66,female
fox,3,8.1,0.44,3,253,69,female
fox,1,4.2,0.11,3.6,272,67,female
fox,5,18.6,1,5,400,77,male
fox,0,4.4,0.22,3.3,265,67,female
fox,3,3.3,0.23,3.6,257,68,female
fox,0,9.4,0.76,4.7,342,74,male
fox,3,17.2,0.99,4.8,350,76,male
fox,0,4.4,0.22,3.3,265,67,female
fox,0,7.5,0.44,3.6,278,69,female
fox,0,7.5,0.44,3.6,278,69,female
fox,3,17.2,0.99,4.8,350,76,male
fox,1,9.6,0.69,3.5,268,68,female
fox,0,11.1,0.64,3.3,273,68,female
fox,0,9.4,0.76,4.7,342,74,male
fox,3,3.3,0.23,3.6,257,68,female
fox,4,4.1,0.14,4.7,306,76,male
fox,3,3.3,0.23,3.6,257,68,female
fox,4,6.1,0.21,4.1,358,78,male
fox,0,9.4,0.76,4.7,342,74,male
fox,4,4.1,0.14,4.7,306,76,male
fox,3,10.9,0.75,4.6,414,78,male
fox,0,2.6,0.17,4.3,413,78,male
fox,4,6.1,0.21,4.1,358,78,male
fox,0,11.1,0.64,3.3,273,68,female
fox,0,11.1,0.64,3.3,273,68,female
fox,2,10.5,0.68,3.3,257,70,female
fox,5,18.6,1,5,400,77,male
fox,0,1.2,0.06,2.8,155,53,female
fox,2,10.5,0.68,3.3,257,70,female
fox,2,7.5,0.55,4.3,426,80,male
fox,4,4.1,0.14,4.7,306,76,male
fox,5,18.6,1,5,400,77,male
fox,0,2.6,0.17,4.3,413,78,male
fox,0,2.6,0.17,4.3,413,78,male
fox,0,4.4,0.22,3.3,265,67,female
fox,1,6.9,0.37,3.3,263,69,female
fox,0,1.2,0.05,2.8,93,47,male
fox,1,6.9,0.37,3.3,263,69,female
fox,2,10.5,0.68,3.3,257,70,female
fox,0,4.4,0.22,3.3,265,67,female
fox,2,7.5,0.55,4.3,426,80,male
fox,0,9.3,0.61,3.4,233,66,female
fox,3,6.5,0.22,3.7,269,68,female
fox,0,9.4,0.76,4.7,342,74,male
fox,2,7.5,0.55,4.3,426,80,male
fox,0,8.3,0.61,4,259,70,female
fox,3,6.5,0.22,3.7,269,68,female
fox,1,6.9,0.37,3.3,263,69,female
fox,3,6.8,0.35,4.3,389,76,male
fox,0,9.4,0.76,4.7,342,74,male
fox,5,6.4,0.33,3.8,333,75,male
fox,1,0.9,0.04,2.8,92,52,male
fox,4,4.1,0.14,4.7,306,76,male
fox,0,9.3,0.61,3.4,233,66,female
fox,0,9.3,0.61,3.4,233,66,female
fox,2,6.1,0.23,3.4,264,69,female
fox,5,6.4,0.33,3.8,333,75,male
fox,0,1.6,0.08,2.9,95,56,male
fox,3,6.8,0.35,4.3,389,76,male
fox,3,6.5,0.22,3.7,269,68,female
fox,0,4.6,0.3,3.7,266,70,female
fox,4,4.1,0.14,4.7,306,76,male
fox,2,10.5,0.68,3.3,257,70,female
fox,3,6.8,0.35,4.3,389,76,male
fox,5,6.4,0.33,3.8,333,75,male
fox,3,3.5,0.15,3.7,304,69,male
fox,2,6.1,0.23,3.4,264,69,female
fox,2,11.7,0.76,3.6,260,69,female
fox,0,4.6,0.3,3.7,266,70,female
fox,0,8.1,0.47,3.6,275,68,female
fox,1,6.9,0.37,3.3,263,69,female
fox,2,10.5,0.68,3.3,257,70,female
fox,2,6.1,0.23,3.4,264,69,female
fox,2,11.7,0.76,3.6,260,69,female
fox,0,4.6,0.3,3.7,266,70,female
fox,1,13.2,0.83,3.9,280,69,female
fox,3,6.5,0.22,3.7,269,68,female
fox,5,11.1,0.67,3.6,369,73,male
fox,0,8.1,0.47,3.6,275,68,female
fox,3,2.1,0.01,3.3,148,55,male
fox,2,11.7,0.76,3.6,260,69,female
fox,1,6.9,0.37,3.3,263,69,female
fox,3,2.1,0.01,3.3,148,55,male
fox,1,3.5,0.02,3.7,271,67,female
fox,1,13.2,0.84,3.9,274,72,female
fox,0,8.1,0.47,3.6,275,68,female
fox,3,2.1,0.01,3.3,148,55,male
fox,5,6.4,0.33,3.8,333,75,male
fox,5,11.1,0.67,3.6,369,73,male
fox,4,5.9,0.37,4.6,424,78,male
fox,3,6.5,0.22,3.7,269,68,female
fox,4,11.6,0.75,3.2,267,70,female
fox,4,5.9,0.37,4.6,424,78,male
fox,3,8.1,0.44,3,253,69,female
fowler,5,15.3,0.9,3.6,267,66,female
fowler,0,18,0.99,3.6,271,68,female
fowler,1,3.7,0.1,3.5,253,65,female
fowler,2,5.4,0.37,3.5,394,75,male
fowler,5,3.9,0.07,4.7,398,78,male
fowler,1,13.2,0.83,3.9,280,69,female
fowler,5,3.2,0.02,4.9,460,85,male
fowler,5,15.3,0.9,3.6,267,66,female
fowler,4,15.1,0.86,3.7,387,73,male
fowler,0,18,0.99,3.6,271,68,female
fowler,0,7,0.39,3.4,257,66,female
fowler,1,3.7,0.1,3.5,253,65,female
fowler,5,15.3,0.9,3.6,267,66,female
fowler,5,15.3,0.9,3.6,267,66,female
fowler,1,1.9,0.04,3.5,271,69,female
fowler,5,15.3,0.9,3.6,267,66,female
fowler,5,15.3,0.9,3.6,267,66,female
fowler,5,15.3,0.9,3.6,267,66,female
fowler,5,15.3,0.9,3.6,267,66,female
fowler,2,5.4,0.37,3.5,394,75,male
fowler,0,18,0.99,3.6,271,68,female
fowler,0,18,0.99,3.6,271,68,female
fowler,0,1.2,0.05,2.8,93,47,male
fowler,0,18,0.99,3.6,271,68,female
fowler,0,18,0.99,3.6,271,68,female
fowler,5,3.9,0.07,4.7,398,78,male
fowler,0,18,0.99,3.6,271,68,female
fowler,0,18,0.99,3.6,271,68,female
fowler,1,3.7,0.1,3.5,253,65,female
fowler,1,3.7,0.1,3.5,253,65,female
fowler,5,15.3,0.9,3.6,267,66,female
fowler,4,14,0.88,4.7,299,73,male
fowler,1,3.7,0.1,3.5,253,65,female
fowler,1,3.7,0.1,3.5,253,65,female
fowler,1,13.2,0.83,3.9,280,69,female
fowler,1,3.7,0.1,3.5,253,65,female
fowler,1,3.7,0.1,3.5,253,65,female
fowler,2,5.4,0.37,3.5,394,75,male
fowler,2,5.4,0.37,3.5,394,75,male
fowler,0,18,0.99,3.6,271,68,female
fowler,5,11.1,0.67,3.6,369,73,male
fowler,2,5.4,0.37,3.5,394,75,male
fowler,5,3.2,0.02,4.9,460,85,male
fowler,2,5.4,0.37,3.5,394,75,male
fowler,5,15.3,0.9,3.6,267,66,female
fowler,2,5.4,0.37,3.5,394,75,male
fowler,5,3.9,0.07,4.7,398,78,male
fowler,5,3.9,0.07,4.7,398,78,male
fowler,1,3.7,0.1,3.5,253,65,female
fowler,2,5.4,0.37,3.5,394,75,male
fowler,5,3.9,0.07,4.7,398,78,male
fowler,0,11.1,0.64,3.3,273,68,female
fowler,5,3.9,0.07,4.7,398,78,male
fowler,4,15.1,0.86,3.7,387,73,male
fowler,0,18,0.99,3.6,271,68,female
fowler,5,3.9,0.07,4.7,398,78,male
fowler,2,5.4,0.37,3.5,394,75,male
fowler,5,3.9,0.07,4.7,398,78,male
fowler,1,13.2,0.83,3.9,280,69,female
fowler,1,13.2,0.83,3.9,280,69,female
fowler,1,13.2,0.83,3.9,280,69,female
fowler,0,7,0.39,3.4,257,66,female
fowler,1,3.7,0.1,3.5,253,65,female
fowler,1,13.2,0.83,3.9,280,69,female
fowler,1,13.2,0.83,3.9,280,69,female
hendrickson,4,3.7,0.15,3.8,294,72,male
hendrickson,5,15.3,0.9,3.6,267,66,female
hendrickson,5,18.6,1,5,400,77,male
hendrickson,0,3.6,0.01,3.6,269,68,female
hendrickson,5,11.1,0.67,3.6,369,73,male
hendrickson,4,5.8,0.33,4.6,358,75,male
hendrickson,4,11.6,0.75,3.2,267,70,female
hendrickson,1,10.9,0.75,3.9,285,72,female
hendrickson,5,3.2,0.02,4.9,460,85,male
hendrickson,4,12,0.67,4.7,376,75,male
hendrickson,0,2.6,0.01,4.3,349,80,male
hendrickson,2,6.8,0.49,3.3,275,68,female
hendrickson,4,13.6,0.87,4.9,458,80,male
hendrickson,5,12.3,0.82,3.5,234,66,female
hendrickson,0,9.4,0.76,4.7,342,74,male
hendrickson,1,11.7,0.75,3.5,269,70,female
hendrickson,0,1.6,0.08,2.9,95,56,male
hendrickson,0,9.4,0.76,4.7,342,74,male
hendrickson,3,10.9,0.75,4.6,414,78,male
hendrickson,4,4.1,0.14,4.7,306,76,male
hendrickson,4,9.9,0.56,4.5,371,78,male
hendrickson,0,14.7,0.9,3.4,265,68,female
hendrickson,0,7.5,0.44,3.6,278,69,female
durrance,5,4.3,0.16,3.7,354,77,male
durrance,5,4.3,0.16,3.7,354,77,male
durrance,5,4.3,0.16,3.7,354,77,male
durrance,5,4.3,0.16,3.7,354,77,male
durrance,5,4.3,0.16,3.7,354,77,male
durrance,2,3.8,0.15,3.8,356,73,male
durrance,2,3.8,0.15,3.8,356,73,male
durrance,2,3.8,0.15,3.8,356,73,male
durrance,2,3.8,0.15,3.8,356,73,male
durrance,2,3.8,0.15,3.8,356,73,male
durrance,2,6.1,0.23,3.4,264,69,female
durrance,2,6.1,0.23,3.4,264,69,female
durrance,2,6.1,0.23,3.4,264,69,female
durrance,2,6.1,0.23,3.4,264,69,female
durrance,0,7,0.39,3.4,257,66,female
durrance,2,6.1,0.23,3.4,264,69,female
durrance,0,7,0.39,3.4,257,66,female
durrance,0,7,0.39,3.4,257,66,female
durrance,0,7,0.39,3.4,257,66,female
durrance,3,7.6,0.35,4.2,360,74,male
durrance,0,7,0.39,3.4,257,66,female
durrance,3,7.6,0.35,4.2,360,74,male
durrance,3,7.6,0.35,4.2,360,74,male
durrance,1,6.9,0.37,3.3,263,69,female
durrance,3,7.6,0.35,4.2,360,74,male
durrance,3,7.6,0.35,4.2,360,74,male
durrance,1,6.9,0.37,3.3,263,69,female
durrance,1,6.9,0.37,3.3,263,69,female
durrance,2,5.4,0.37,3.5,394,75,male
durrance,1,6.9,0.37,3.3,263,69,female
durrance,1,6.9,0.37,3.3,263,69,female
durrance,2,5.4,0.37,3.5,394,75,male
durrance,2,5.4,0.37,3.5,394,75,male
durrance,0,9.4,0.76,4.7,342,74,male
durrance,2,5.4,0.37,3.5,394,75,male
durrance,2,5.4,0.37,3.5,394,75,male
durrance,0,9.4,0.76,4.7,342,74,male
durrance,0,9.4,0.76,4.7,342,74,male
durrance,0,9.4,0.76,4.7,342,74,male
durrance,4,5.8,0.33,4.6,358,75,male
durrance,0,9.4,0.76,4.7,342,74,male
durrance,4,5.8,0.33,4.6,358,75,male
durrance,4,5.8,0.33,4.6,358,75,male
durrance,4,5.8,0.33,4.6,358,75,male
durrance,4,5.8,0.33,4.6,358,75,male
durrance,0,1.1,0.01,2.7,30,51,female
durrance,0,1.1,0.01,2.7,30,51,female
durrance,0,1.1,0.01,2.7,30,51,female
durrance,0,1.1,0.01,2.7,30,51,female
durrance,0,1.1,0.01,2.7,30,51,female
durrance,3,3.1,0.01,4.5,395,80,male
durrance,3,3.1,0.01,4.5,395,80,male
durrance,3,3.1,0.01,4.5,395,80,male
durrance,3,3.1,0.01,4.5,395,80,male
durrance,3,3.1,0.01,4.5,395,80,male
durrance,1,1.9,0.04,3.5,271,69,female
durrance,1,1.9,0.04,3.5,271,69,female
durrance,1,1.9,0.04,3.5,271,69,female
durrance,1,1.9,0.04,3.5,271,69,female
durrance,1,1.9,0.04,3.5,271,69,female
powell,1,13.2,0.84,3.9,274,72,female
powell,3,6.9,0.42,3.3,263,71,female
powell,1,4.2,0.11,3.6,272,67,female
powell,0,0.3,0,2.2,22,44,female
powell,4,9.1,0.6,3.8,376,74,male
durrance,0,8.3,0.61,4,259,70,female
durrance,4,3.5,0.27,3.9,320,80,male
durrance,1,13.2,0.83,3.9,280,69,female
durrance,5,7.2,0.45,4.7,347,72,male
durrance,3,6.9,0.42,3.3,263,71,female
durrance,0,1.7,0.04,2.9,153,52,female
durrance,1,16.7,0.95,4,348,73,male
durrance,3,7.6,0.35,4.2,360,74,male
durrance,2,7.5,0.55,4.3,426,80,male
durrance,0,2.6,0.17,4.3,413,78,male
durrance,3,2.9,0.08,3.5,203,64,male
durrance,1,15.1,0.94,3.9,287,70,female
durrance,0,7.3,0.35,3.9,262,68,female
durrance,0,11.1,0.64,3.3,273,68,female
durrance,5,4.6,0.16,5.3,418,77,male
durrance,0,8.3,0.61,4,259,70,female
durrance,1,1.3,0.02,3,131,53,female
durrance,4,3.5,0.27,3.9,320,80,male
durrance,0,4.4,0.22,3.3,265,67,female
durrance,1,13.2,0.83,3.9,280,69,female
durrance,0,9.4,0.76,4.7,342,74,male
durrance,5,7.2,0.45,4.7,347,72,male
durrance,4,18.4,0.99,5,440,78,male
durrance,3,6.9,0.42,3.3,263,71,female
durrance,3,9.6,0.58,4.5,352,72,male
durrance,0,1.7,0.04,2.9,153,52,female
edwards,2,3.4,0.08,4.7,362,77,male
edwards,4,3.7,0.15,3.8,294,72,male
edwards,1,4.2,0.11,3.6,272,67,female
edwards,0,4.4,0.22,3.3,265,67,female
edwards,0,2.6,0.01,4.3,349,80,male
edwards,0,0.3,0,2.2,22,44,female
edwards,4,14,0.88,4.7,299,73,male
edwards,0,2.6,0.17,4.3,413,78,male
edwards,1,1.3,0.02,3,131,53,female
edwards,1,2.9,0.07,3.8,303,69,female
edwards,3,2.1,0.01,3.3,148,55,male
edwards,0,4.6,0.3,3.7,266,70,female
edwards,4,5.9,0.41,3.7,263,69,female
edwards,1,16.7,0.95,4,348,73,male
edwards,5,10.2,0.49,4.1,270,70,male
edwards,0,0.4,0.01,2,13,47,male
edwards,4,11.6,0.75,3.2,267,70,female
edwards,2,3.8,0.15,3.8,356,73,male
edwards,3,10.9,0.75,4.6,414,78,male
edwards,5,15.3,0.9,3.6,267,66,female
edwards,3,6.9,0.42,3.3,263,71,female
edwards,0,9.3,0.61,3.4,233,66,female
edwards,0,14.7,0.9,3.4,265,68,female
edwards,1,1.4,0.06,2.8,118,52,male
edwards,4,4,0.2,4.3,382,81,male
edwards,5,7.2,0.45,4.7,347,72,male
edwards,4,9.9,0.56,4.5,371,78,male
edwards,4,4.1,0.14,4.7,306,76,male
edwards,2,6.8,0.49,3.3,275,68,female
edwards,1,6.9,0.37,3.3,263,69,female
edwards,3,7.6,0.35,4.2,360,74,male
edwards,2,3.4,0.08,4.7,362,77,male
edwards,4,3.5,0.27,3.9,320,80,male
edwards,4,3.7,0.15,3.8,294,72,male
edwards,4,13.8,0.89,3.2,251,70,female
edwards,1,4.2,0.11,3.6,272,67,female
edwards,3,3.1,0.01,4.5,395,80,male
edwards,0,4.4,0.22,3.3,265,67,female
edwards,0,17.3,0.98,3.4,269,69,female
edwards,2,3.4,0.08,4.7,362,77,male
edwards,0,2.6,0.01,4.3,349,80,male
edwards,0,3.6,0.01,3.6,269,68,female
edwards,2,3.4,0.08,4.7,362,77,male
edwards,0,0.3,0,2.2,22,44,female
edwards,4,3.7,0.15,3.8,294,72,male
edwards,4,3.7,0.15,3.8,294,72,male
edwards,1,5,0.25,3.7,269,66,female
edwards,4,14,0.88,4.7,299,73,male
edwards,1,4.2,0.11,3.6,272,67,female
edwards,1,4.2,0.11,3.6,272,67,female
edwards,0,2.6,0.17,4.3,413,78,male
edwards,1,2.3,0.04,4.9,325,72,male
edwards,0,4.4,0.22,3.3,265,67,female
edwards,0,4.4,0.22,3.3,265,67,female
edwards,1,1.3,0.02,3,131,53,female
edwards,3,5,0.07,4.4,347,76,male
edwards,0,2.6,0.01,4.3,349,80,male
edwards,0,2.6,0.01,4.3,349,80,male
edwards,1,2.9,0.07,3.8,303,69,female
edwards,0,1.2,0.05,2.8,93,47,male
edwards,0,0.3,0,2.2,22,44,female
edwards,0,0.3,0,2.2,22,44,female
edwards,3,2.1,0.01,3.3,148,55,male
edwards,5,4.3,0.16,3.7,354,77,male
edwards,4,14,0.88,4.7,299,73,male
edwards,4,14,0.88,4.7,299,73,male
edwards,0,4.6,0.3,3.7,266,70,female
edwards,0,7.5,0.44,3.6,278,69,female
edwards,0,2.6,0.17,4.3,413,78,male
edwards,0,2.6,0.17,4.3,413,78,male
edwards,4,5.9,0.41,3.7,263,69,female
edwards,4,5.8,0.33,4.6,358,75,male
edwards,1,1.3,0.02,3,131,53,female
edwards,1,1.3,0.02,3,131,53,female
torres,2,6.8,0.49,3.3,275,68,female
torres,2,11.7,0.76,3.6,260,69,female
torres,1,11.7,0.75,3.5,269,70,female
torres,1,13.2,0.83,3.9,280,69,female
torres,2,10.5,0.68,3.3,257,70,female
torres,5,10.3,0.75,4,309,70,male
torres,1,3.7,0.1,3.5,253,65,female
torres,4,12,0.67,4.7,376,75,male
torres,4,9.9,0.56,4.5,371,78,male
torres,4,11.6,0.75,3.2,267,70,female
torres,0,11.1,0.64,3.3,273,68,female
torres,2,6.8,0.49,3.3,275,68,female
torres,4,5.9,0.29,4.4,383,77,male
torres,2,11.7,0.76,3.6,260,69,female
torres,1,15.1,0.94,3.9,287,70,female
torres,1,11.7,0.75,3.5,269,70,female
torres,3,5,0.07,4.4,347,76,male
torres,1,13.2,0.83,3.9,280,69,female
torres,4,5.9,0.41,3.7,263,69,female
torres,2,10.5,0.68,3.3,257,70,female
torres,4,5.8,0.33,4.6,358,75,male
torres,5,10.3,0.75,4,309,70,male
torres,1,9.3,0.62,3.4,261,69,female
torres,1,3.7,0.1,3.5,253,65,female
torres,4,14,0.88,4.7,299,73,male
torres,4,12,0.67,4.7,376,75,male
torres,4,3.7,0.15,3.8,294,72,male
torres,4,9.9,0.56,4.5,371,78,male
torres,5,14.7,0.87,4.3,403,80,male
torres,4,11.6,0.75,3.2,267,70,female
torres,0,3.6,0.01,3.6,269,68,female
torres,0,11.1,0.64,3.3,273,68,female
torres,0,8.6,0.6,3.6,263,71,female
torres,4,5.9,0.29,4.4,383,77,male
torres,3,6.8,0.35,4.3,389,76,male
torres,1,15.1,0.94,3.9,287,70,female
torres,1,0.8,0.02,2.8,122,55,male
torres,3,5,0.07,4.4,347,76,male
torres,3,8.1,0.44,3,253,69,female
torres,4,5.9,0.41,3.7,263,69,female
torres,4,13.8,0.89,3.2,251,70,female
torres,4,5.8,0.33,4.6,358,75,male
torres,0,1.7,0.04,2.9,153,52,female
torres,1,9.3,0.62,3.4,261,69,female
torres,1,9.6,0.69,3.5,268,68,female
torres,4,14,0.88,4.7,299,73,male
torres,2,4,0.2,4.1,279,70,male
torres,4,3.7,0.15,3.8,294,72,male
torres,1,0.9,0.04,2.8,92,52,male
torres,5,14.7,0.87,4.3,403,80,male
hall,0,3.6,0.01,3.6,269,68,female
hall,2,11.7,0.76,3.6,260,69,female
hall,4,18.4,0.99,5,440,78,male
hall,0,1.2,0.05,2.8,93,47,male
hall,0,1.6,0.08,2.9,95,56,male
hall,0,1.7,0.04,2.9,153,52,female
ford,2,10.5,0.68,3.3,257,70,female
hall,0,6.7,0.43,3.7,309,75,male
ford,4,13.6,0.87,4.9,458,80,male
hall,1,2.9,0.07,3.8,303,69,female
ford,4,4.1,0.14,4.7,306,76,male
hall,4,9.9,0.56,4.5,371,78,male
ford,1,3.7,0.1,3.5,253,65,female
hall,3,3.3,0.23,3.6,257,68,female
ford,0,7,0.39,3.4,257,66,female
hall,5,10.3,0.75,4,309,70,male
ford,0,4.4,0.22,3.3,265,67,female
hall,0,9.4,0.76,4.7,342,74,male
ford,3,3.1,0.16,3.7,270,70,female
hall,0,0.4,0.01,2,13,47,male
ford,3,6.8,0.35,4.3,389,76,male
hall,0,1.2,0.06,2.8,155,53,female
ford,3,8,0.41,3.6,252,66,female
hall,1,6.9,0.37,3.3,263,69,female
ford,5,11.1,0.67,3.6,369,73,male
ford,3,5,0.07,4.4,347,76,male
ford,4,4,0.2,4.3,382,81,male
ford,4,3.5,0.27,3.9,320,80,male
ford,0,17.3,0.98,3.4,269,69,female
ford,4,9.1,0.6,3.8,376,74,male
ford,1,5.3,0.35,3.3,263,69,female
saidi,5,7.2,0.45,4.7,347,72,male
ford,1,10.9,0.75,3.9,285,72,female
hale,3,9.6,0.58,4.5,352,72,male
saidi,1,8.3,0.42,4,286,71,female
ford,1,4.2,0.11,3.6,272,67,female
hale,2,2.3,0.03,3.1,180,60,female
saidi,4,5.9,0.37,4.6,424,78,male
hale,1,3.7,0.1,3.5,253,65,female
ford,1,6.9,0.37,3.3,263,69,female
hale,4,4,0.2,4.3,382,81,male
saidi,0,1.6,0.08,2.9,95,56,male
ford,1,10.4,0.72,4,280,70,female
hale,5,3.2,0.02,4.9,460,85,male
ford,1,1.4,0.06,2.8,118,52,male
hale,1,0.9,0.04,2.8,92,52,male
saidi,3,8,0.41,3.6,252,66,female
hale,1,0.8,0.02,2.8,122,55,male
ford,2,6.8,0.49,3.3,275,68,female
hale,0,0.3,0,2.2,22,44,female
saidi,5,7.5,0.38,4.5,383,78,male
hale,3,3.1,0.01,4.5,395,80,male
ford,4,12,0.67,4.7,376,75,male
saidi,3,3.3,0.23,3.6,257,68,female
hale,4,18.4,0.99,5,440,78,male
hale,1,6.9,0.37,3.3,263,69,female
saidi,4,14,0.88,4.7,299,73,male
hale,1,0.8,0.04,2.6,65,47,female
saidi,4,18.4,0.99,5,440,78,male
hale,2,7.5,0.55,4.3,426,80,male
hale,3,8.1,0.44,3,253,69,female
saidi,0,2.6,0.01,4.3,349,80,male
hale,1,2.3,0.04,4.9,325,72,male
hale,2,10.9,0.6,3.6,259,66,female
saidi,0,1.2,0.05,2.8,93,47,male
hale,0,18,0.99,3.6,271,68,female
hale,0,2.6,0.17,4.3,413,78,male
hale,1,5.3,0.35,3.3,263,69,female
saidi,2,8.5,0.51,3.5,260,69,female
hale,5,18.6,1,5,400,77,male
saidi,1,6.9,0.37,3.3,263,69,female
hale,5,4.3,0.16,3.7,354,77,male
saidi,0,4.4,0.22,3.3,265,67,female
hale,3,2.9,0.08,3.5,203,64,male
saidi,1,10.4,0.72,4,280,70,female
hale,0,7.3,0.35,3.9,262,68,female
saidi,3,3.5,0.15,3.7,304,69,male
hale,0,4.4,0.22,3.3,265,67,female
saidi,3,2.1,0.01,3.3,148,55,male
saidi,5,12.3,0.82,3.5,234,66,female
saidi,2,3.4,0.08,4.7,362,77,male
saidi,1,3.5,0.02,3.7,271,67,female
saidi,0,9.4,0.76,4.7,342,74,male
saidi,2,2.3,0.03,3.1,180,60,female
saidi,1,16.7,0.95,4,348,73,male
saidi,3,9.6,0.58,4.5,352,72,male
saidi,5,4.3,0.16,3.7,354,77,male
saidi,1,5,0.25,3.7,269,66,female
saidi,0,1.7,0.04,2.9,153,52,female
saidi,2,10.9,0.6,3.6,259,66,female
saidi,2,4,0.2,4.1,279,70,male
saidi,1,0.9,0.04,2.8,92,52,male
saidi,0,18,0.99,3.6,271,68,female
saidi,0,1.2,0.06,2.8,155,53,female
saidi,3,14.8,0.82,3.5,266,68,female
saidi,2,3.8,0.15,3.8,356,73,male
saidi,1,10.9,0.75,3.9,285,72,female
saidi,0,17.3,0.98,3.4,269,69,female
saidi,2,6.1,0.23,3.4,264,69,female
powell,0,2.6,0.01,4.3,349,80,male
powell,4,13.8,0.89,3.2,251,70,female
powell,0,2.6,0.01,4.3,349,80,male
powell,4,12,0.67,4.7,376,75,male
powell,4,13.8,0.89,3.2,251,70,female
powell,5,10.2,0.49,4.1,270,70,male
powell,4,12,0.67,4.7,376,75,male
powell,4,3.7,0.15,3.8,294,72,male
powell,5,10.2,0.49,4.1,270,70,male
powell,1,0.8,0.04,2.6,65,47,female
powell,4,3.7,0.15,3.8,294,72,male
powell,0,4.4,0.22,3.3,265,67,female
powell,1,0.8,0.04,2.6,65,47,female
powell,4,5.9,0.29,4.4,383,77,male
powell,0,4.4,0.22,3.3,265,67,female
powell,2,10.5,0.68,3.3,257,70,female
powell,4,5.9,0.29,4.4,383,77,male
powell,0,0.4,0.01,2,13,47,male
powell,2,10.5,0.68,3.3,257,70,female
powell,0,14.7,0.9,3.4,265,68,female
powell,0,0.4,0.01,2,13,47,male
powell,0,14.7,0.9,3.4,265,68,female
powell,4,9.9,0.56,4.5,371,78,male
powell,3,8.1,0.44,3,253,69,female
powell,4,9.9,0.56,4.5,371,78,male
powell,1,5.3,0.35,3.3,263,69,female
powell,3,8.1,0.44,3,253,69,female
powell,0,9.4,0.76,4.7,342,74,male
powell,1,5.3,0.35,3.3,263,69,female
powell,4,9.1,0.6,3.8,376,74,male
powell,0,9.4,0.76,4.7,342,74,male
powell,5,11.1,0.67,3.6,369,73,male
powell,4,9.1,0.6,3.8,376,74,male
walters,1,9.3,0.62,3.4,261,69,female
walters,2,6.8,0.49,3.3,275,68,female
walters,0,1.7,0.01,2.8,222,58,female
walters,2,7.5,0.55,4.3,426,80,male
walters,1,7.2,0.28,3.3,239,65,female
malzahn,3,5.4,0.19,3.8,265,68,female
walters,4,6.1,0.21,4.1,358,78,male
malzahn,4,13.8,0.89,3.2,251,70,female
walters,3,3.3,0.23,3.6,257,68,female
malzahn,1,3.7,0.1,3.5,253,65,female
walters,3,6.5,0.22,3.7,269,68,female
walters,0,0.4,0.01,2,13,47,male
malzahn,2,8.5,0.51,3.5,260,69,female
walters,1,9.6,0.69,3.5,268,68,female
malzahn,1,13.2,0.83,3.9,280,69,female
walters,5,18.6,1,5,400,77,male
malzahn,0,7.3,0.35,3.9,262,68,female
walters,3,14.8,0.82,3.5,266,68,female
malzahn,1,15.1,0.94,3.9,287,70,female
walters,0,2.6,0.01,4.3,349,80,male
malzahn,4,14,0.88,4.7,299,73,male
walters,2,11.7,0.76,3.6,260,69,female
malzahn,5,6.4,0.33,3.8,333,75,male
walters,1,0.8,0.04,2.6,65,47,female
malzahn,5,3.9,0.07,4.7,398,78,male
walters,0,6.7,0.43,3.7,309,75,male
malzahn,0,1.6,0.08,2.9,95,56,male
walters,4,13.6,0.87,4.9,458,80,male
walters,1,9.3,0.62,3.4,261,69,female
malzahn,2,4,0.2,4.1,279,70,male
walters,1,9.4,0.44,4.8,370,78,male
walters,1,9.3,0.62,3.4,261,69,female
walters,2,6.8,0.49,3.3,275,68,female
malzahn,5,11.1,0.67,3.6,369,73,male
malzahn,5,3.2,0.02,4.9,460,85,male
walters,0,1.6,0.08,2.9,95,56,male
walters,2,6.8,0.49,3.3,275,68,female
walters,0,1.7,0.01,2.8,222,58,female
walters,1,6.9,0.37,3.3,263,69,female
walters,2,7.5,0.55,4.3,426,80,male
walters,0,1.7,0.01,2.8,222,58,female
walters,1,5.3,0.35,3.3,263,69,female
walters,1,7.2,0.28,3.3,239,65,female
walters,2,7.5,0.55,4.3,426,80,male
walters,4,9.9,0.56,4.5,371,78,male
walters,1,7.2,0.28,3.3,239,65,female
walters,4,6.1,0.21,4.1,358,78,male
walters,1,5,0.25,3.7,269,66,female
walters,3,3.3,0.23,3.6,257,68,female
walters,4,6.1,0.21,4.1,358,78,male
walters,3,6.5,0.22,3.7,269,68,female
walters,3,3.3,0.23,3.6,257,68,female
chun,5,14.7,0.87,4.3,403,80,male
chun,4,11.6,0.75,3.2,267,70,female
chun,5,7.5,0.38,4.5,383,78,male
chun,2,3.4,0.08,4.7,362,77,male
chun,1,1.3,0.02,3,131,53,female
chun,1,5.3,0.35,3.3,263,69,female
chun,1,7.2,0.28,3.3,239,65,female
chun,1,13.2,0.83,3.9,280,69,female
chun,4,5.9,0.41,3.7,263,69,female
chun,5,18.6,1,5,400,77,male
chun,4,3.5,0.27,3.9,320,80,male
chun,1,9.4,0.44,4.8,370,78,male
chun,3,5.4,0.19,3.8,265,68,female
chun,1,10.4,0.72,4,280,70,female
chun,0,7,0.39,3.4,257,66,female
chun,0,2.6,0.01,4.3,349,80,male
chun,2,3.8,0.15,3.8,356,73,male
chun,0,11.1,0.64,3.3,273,68,female
chun,1,16.7,0.95,4,348,73,male
chun,0,8.6,0.66,3.9,341,75,male
chun,1,10.9,0.75,3.9,285,72,female
chun,0,4.3,0.17,3.9,278,69,female
chun,1,0.8,0.04,2.6,65,47,female
chun,1,8.3,0.42,4,286,71,female
chun,3,3.5,0.15,3.7,304,69,male
chun,5,14.7,0.87,4.3,403,80,male
chun,4,14,0.88,4.7,299,73,male
chun,4,11.6,0.75,3.2,267,70,female
chun,2,6.1,0.23,3.4,264,69,female
chun,5,7.5,0.38,4.5,383,78,male
chun,0,3.6,0.01,3.6,269,68,female
chun,2,3.4,0.08,4.7,362,77,male
chun,0,7.5,0.44,3.6,278,69,female
chun,1,1.3,0.02,3,131,53,female
chun,1,13.2,0.84,3.9,274,72,female
chun,1,5.3,0.35,3.3,263,69,female
tuinukuafe,0,7.5,0.44,3.6,278,69,female
tuinukuafe,4,14,0.88,4.7,299,73,male
tuinukuafe,1,9.6,0.69,3.5,268,68,female
tuinukuafe,1,0.8,0.04,2.6,65,47,female
tuinukuafe,0,1.1,0.01,2.7,30,51,female
tuinukuafe,4,15.1,0.86,3.7,387,73,male
tuinukuafe,4,11.6,0.75,3.2,267,70,female
tuinukuafe,4,4,0.2,4.3,382,81,male
tuinukuafe,0,6.7,0.43,3.7,309,75,male
tuinukuafe,4,5.9,0.37,4.6,424,78,male
tuinukuafe,2,6.1,0.23,3.4,264,69,female
tuinukuafe,0,7.5,0.44,3.6,278,69,female
tuinukuafe,0,1.7,0.01,2.8,222,58,female
tuinukuafe,4,14,0.88,4.7,299,73,male
tuinukuafe,2,8.5,0.51,3.5,260,69,female
tuinukuafe,1,9.6,0.69,3.5,268,68,female
tuinukuafe,1,15.1,0.94,3.9,287,70,female
tuinukuafe,1,0.8,0.04,2.6,65,47,female
tuinukuafe,0,0.3,0,2.2,22,44,female
tuinukuafe,0,1.1,0.01,2.7,30,51,female
brown,3,2.9,0.08,3.5,203,64,male
brown,5,3.2,0.02,4.9,460,85,male
brown,0,4.4,0.22,3.3,265,67,female
brown,5,6.4,0.33,3.8,333,75,male
brown,3,2.9,0.08,3.5,203,64,male
brown,0,1.1,0.01,2.7,30,51,female
brown,3,2.9,0.08,3.5,203,64,male
brown,5,3.2,0.02,4.9,460,85,male
brown,1,5,0.25,3.7,269,66,female
brown,5,3.2,0.02,4.9,460,85,male
brown,0,4.4,0.22,3.3,265,67,female
brown,2,3.8,0.15,3.8,356,73,male
brown,0,4.4,0.22,3.3,265,67,female
brown,5,6.4,0.33,3.8,333,75,male
brown,4,14,0.88,4.7,299,73,male
brown,3,2.9,0.08,3.5,203,64,male
brown,5,6.4,0.33,3.8,333,75,male
brown,0,1.1,0.01,2.7,30,51,female
brown,3,2.9,0.08,3.5,203,64,male
brown,5,3.2,0.02,4.9,460,85,male
brown,1,15.1,0.94,3.9,287,70,female
brown,0,1.1,0.01,2.7,30,51,female
brown,5,3.2,0.02,4.9,460,85,male
brown,1,5,0.25,3.7,269,66,female
brown,0,4.4,0.22,3.3,265,67,female
brown,1,10.9,0.75,3.9,285,72,female
brown,2,3.8,0.15,3.8,356,73,male
brown,0,4.4,0.22,3.3,265,67,female
brown,1,5,0.25,3.7,269,66,female
brown,5,6.4,0.33,3.8,333,75,male
brown,3,3.1,0.01,4.5,395,80,male
brown,2,3.8,0.15,3.8,356,73,male
brown,4,14,0.88,4.7,299,73,male
brown,5,6.4,0.33,3.8,333,75,male
brown,0,1.1,0.01,2.7,30,51,female
brown,0,0.4,0.01,2,13,47,male
brown,4,14,0.88,4.7,299,73,male
brown,1,5,0.25,3.7,269,66,female
brown,1,15.1,0.94,3.9,287,70,female
brown,0,1.1,0.01,2.7,30,51,female
brown,4,3.5,0.27,3.9,320,80,male
brown,1,15.1,0.94,3.9,287,70,female
brown,1,10.9,0.75,3.9,285,72,female
brown,2,3.8,0.15,3.8,356,73,male
brown,1,5,0.25,3.7,269,66,female
brown,3,8,0.41,3.6,252,66,female
brown,1,10.9,0.75,3.9,285,72,female
brown,3,2.9,0.08,3.5,203,64,male
brown,4,14,0.88,4.7,299,73,male
brown,3,3.1,0.01,4.5,395,80,male
brown,2,3.8,0.15,3.8,356,73,male
brown,3,9.6,0.58,4.5,352,72,male
brown,3,3.1,0.01,4.5,395,80,male
brown,5,3.2,0.02,4.9,460,85,male
brown,0,0.4,0.01,2,13,47,male
brown,1,15.1,0.94,3.9,287,70,female
brown,4,14,0.88,4.7,299,73,male
brown,1,1.9,0.04,3.5,271,69,female
brown,0,0.4,0.01,2,13,47,male
brown,0,4.4,0.22,3.3,265,67,female
brown,4,3.5,0.27,3.9,320,80,male
brown,1,10.9,0.75,3.9,285,72,female
brown,1,15.1,0.94,3.9,287,70,female
brown,3,6.9,0.42,3.3,263,71,female
brown,4,3.5,0.27,3.9,320,80,male
brown,5,6.4,0.33,3.8,333,75,male
brown,3,8,0.41,3.6,252,66,female
brown,1,10.9,0.75,3.9,285,72,female
brown,3,3.1,0.01,4.5,395,80,male
brown,1,0.9,0.04,2.8,92,52,male
brown,3,8,0.41,3.6,252,66,female
brown,0,1.1,0.01,2.7,30,51,female
brown,3,9.6,0.58,4.5,352,72,male
brown,3,3.1,0.01,4.5,395,80,male
brown,0,0.4,0.01,2,13,47,male
brown,1,11.7,0.75,3.5,269,70,female
brown,1,5,0.25,3.7,269,66,female
brown,3,9.6,0.58,4.5,352,72,male
brown,1,1.9,0.04,3.5,271,69,female
brown,0,0.4,0.01,2,13,47,male
brown,4,3.5,0.27,3.9,320,80,male
brown,1,1.9,0.04,3.5,271,69,female
brown,3,8.1,0.44,3,253,69,female
brown,2,3.8,0.15,3.8,356,73,male
brown,3,2.9,0.08,3.5,203,64,male
brown,4,3.5,0.27,3.9,320,80,male
brown,3,6.9,0.42,3.3,263,71,female
brown,3,2.9,0.08,3.5,203,64,male
brown,3,8,0.41,3.6,252,66,female
brown,3,2.9,0.08,3.5,203,64,male
brown,3,6.9,0.42,3.3,263,71,female
brown,3,2.9,0.08,3.5,203,64,male
brown,0,14.7,0.9,3.4,265,68,female
brown,4,14,0.88,4.7,299,73,male
brown,5,3.2,0.02,4.9,460,85,male
brown,1,0.9,0.04,2.8,92,52,male
brown,5,3.2,0.02,4.9,460,85,male
brown,3,8,0.41,3.6,252,66,female
brown,3,9.6,0.58,4.5,352,72,male
brown,5,3.2,0.02,4.9,460,85,male
brown,1,0.9,0.04,2.8,92,52,male
walker,0,17.3,0.98,3.4,269,69,female
walker,0,17.3,0.98,3.4,269,69,female
walker,4,6.1,0.21,4.1,358,78,male
walker,4,6.1,0.21,4.1,358,78,male
walker,1,0.8,0.02,2.8,122,55,male
walker,1,0.8,0.02,2.8,122,55,male
walker,2,3.8,0.15,3.8,356,73,male
walker,2,3.8,0.15,3.8,356,73,male
walker,3,8,0.41,3.6,252,66,female
walker,3,8,0.41,3.6,252,66,female
walker,4,4,0.2,4.3,382,81,male
walker,4,4,0.2,4.3,382,81,male
walker,1,9.6,0.69,3.5,268,68,female
walker,1,9.6,0.69,3.5,268,68,female
walker,3,5.4,0.19,3.8,265,68,female
walker,3,5.4,0.19,3.8,265,68,female
walker,2,8.5,0.51,3.5,260,69,female
walker,2,8.5,0.51,3.5,260,69,female
walker,3,8.1,0.44,3,253,69,female
walker,3,8.1,0.44,3,253,69,female
walker,0,18,0.99,3.6,271,68,female
walker,0,18,0.99,3.6,271,68,female
walker,1,10.9,0.75,3.9,285,72,female
walker,1,10.9,0.75,3.9,285,72,female
walker,0,0.3,0,2.2,22,44,female
walker,0,0.3,0,2.2,22,44,female
walker,0,3.6,0.01,3.6,269,68,female
walker,0,3.6,0.01,3.6,269,68,female
walker,4,15.1,0.86,3.7,387,73,male
walker,4,15.1,0.86,3.7,387,73,male
walker,2,4,0.2,4.1,279,70,male
walker,2,4,0.2,4.1,279,70,male
